insert into mallOrder.mall_company_address (id, address_name, send_status, receive_status, name, phone, province, city, region, detail_address) values (1, '', 0, 1, '东莞理工科技有限公司', 13590035440, '广东省', '深圳市', '宝安区', '广东省深圳市宝安区大学路2号');
insert into mallOrder.mall_company_address (id, address_name, send_status, receive_status, name, phone, province, city, region, detail_address) values (2, '', 1, 0, '卧安科技有限公司', 1359003440, '广东省', '深圳市', '福田区', '广东省深圳市福田区大学路1号');

insert into mallOrder.mall_coupon (mall_coupon_id, name, count, amount, per_limit, min_point, start_time, end_time, note, receive_count, use_count, enable_time, create_time, update_time) values (1, '全场20元优惠卷', 49, 20.00, 2, 100.00, '2021-04-09 11:00:00', '2021-04-26 11:00:00', '双十一强势来袭', 1, 0, null, '2021-03-28 02:08:57', '2021-05-13 15:56:54');
insert into mallOrder.mall_coupon (mall_coupon_id, name, count, amount, per_limit, min_point, start_time, end_time, note, receive_count, use_count, enable_time, create_time, update_time) values (3, '优惠20元', 99, 20.00, 1, 0.00, '2021-03-23 11:00:00', '2021-03-29 11:00:00', '全场优惠', 1, 0, null, '2021-03-28 16:25:26', '2021-03-28 16:50:28');
insert into mallOrder.mall_coupon (mall_coupon_id, name, count, amount, per_limit, min_point, start_time, end_time, note, receive_count, use_count, enable_time, create_time, update_time) values (4, '优惠50元', 99, 50.00, 1, 10000.00, '2021-03-24 11:00:00', '2021-03-29 11:00:00', '全场优惠', 1, 0, null, '2021-03-28 16:26:18', '2021-03-28 16:50:31');
insert into mallOrder.mall_coupon (mall_coupon_id, name, count, amount, per_limit, min_point, start_time, end_time, note, receive_count, use_count, enable_time, create_time, update_time) values (5, '优惠卷20元起', 99, 20.00, 1, 100.00, '2021-03-28 11:00:00', '2021-03-29 11:00:00', '全场优惠', 1, 0, null, '2021-03-28 16:27:17', '2021-03-28 16:50:33');
insert into mallOrder.mall_coupon (mall_coupon_id, name, count, amount, per_limit, min_point, start_time, end_time, note, receive_count, use_count, enable_time, create_time, update_time) values (6, '优惠卷20', 199, 20.00, 1, 20.00, '2021-03-14 11:00:00', '2021-03-23 11:00:00', '过期优惠卷', 1, 0, null, '2021-03-28 16:28:19', '2021-03-28 16:50:36');
insert into mallOrder.mall_coupon (mall_coupon_id, name, count, amount, per_limit, min_point, start_time, end_time, note, receive_count, use_count, enable_time, create_time, update_time) values (7, '全场20元优惠卷', 41, 20.00, 1, 0.00, '2021-03-31 11:00:00', '2021-07-28 11:00:00', '双十一强势来袭', 9, 9, null, '2021-04-05 20:19:20', '2021-05-15 14:48:13');

insert into mallOrder.mall_coupon_history (coupon_history_id, coupon_id, user_id, order_id, member_nickname, create_time, use_status, use_time, order_sn) values (1, 1, 4, 1, '4别名', '2021-03-28 16:47:41', 1, '2021-03-27 08:52:00', 25698746665);
insert into mallOrder.mall_coupon_history (coupon_history_id, coupon_id, user_id, order_id, member_nickname, create_time, use_status, use_time, order_sn) values (2, 3, 4, null, '4别名', '2021-03-28 16:50:28', 2, null, null);
insert into mallOrder.mall_coupon_history (coupon_history_id, coupon_id, user_id, order_id, member_nickname, create_time, use_status, use_time, order_sn) values (3, 4, 4, null, '4别名', '2021-03-28 16:50:31', 2, null, null);
insert into mallOrder.mall_coupon_history (coupon_history_id, coupon_id, user_id, order_id, member_nickname, create_time, use_status, use_time, order_sn) values (4, 5, 4, null, '4别名', '2021-03-28 16:50:33', 2, null, null);
insert into mallOrder.mall_coupon_history (coupon_history_id, coupon_id, user_id, order_id, member_nickname, create_time, use_status, use_time, order_sn) values (5, 6, 4, null, '4别名', '2021-03-28 16:50:36', 2, null, null);
insert into mallOrder.mall_coupon_history (coupon_history_id, coupon_id, user_id, order_id, member_nickname, create_time, use_status, use_time, order_sn) values (6, 7, 3, 6, '4别名', '2021-04-05 20:19:45', 1, '2021-04-15 11:38:46', 2021041600384316188735413465599);
insert into mallOrder.mall_coupon_history (coupon_history_id, coupon_id, user_id, order_id, member_nickname, create_time, use_status, use_time, order_sn) values (7, 7, 3, null, 'user', '2021-04-26 20:37:52', 2, null, null);
insert into mallOrder.mall_coupon_history (coupon_history_id, coupon_id, user_id, order_id, member_nickname, create_time, use_status, use_time, order_sn) values (8, 7, 3, null, 'user', '2021-05-14 16:24:27', 0, null, null);
insert into mallOrder.mall_coupon_history (coupon_history_id, coupon_id, user_id, order_id, member_nickname, create_time, use_status, use_time, order_sn) values (9, 7, 3, 19, 'user', '2021-05-14 18:11:42', 1, '2021-05-14 05:13:00', 2021051418125790187773100999819);
insert into mallOrder.mall_coupon_history (coupon_history_id, coupon_id, user_id, order_id, member_nickname, create_time, use_status, use_time, order_sn) values (10, 7, 3, 21, 'user', '2021-05-14 18:27:11', 1, '2021-05-14 05:28:06', 2021051418280477581541096625691);
insert into mallOrder.mall_coupon_history (coupon_history_id, coupon_id, user_id, order_id, member_nickname, create_time, use_status, use_time, order_sn) values (11, 7, 3, 23, 'user', '2021-05-14 22:35:51', 1, '2021-05-14 10:00:50', 2021051423004882588682371482883);
insert into mallOrder.mall_coupon_history (coupon_history_id, coupon_id, user_id, order_id, member_nickname, create_time, use_status, use_time, order_sn) values (12, 7, 3, 24, 'user', '2021-05-14 23:09:29', 1, '2021-05-14 10:09:43', 2021051423094266282986167924508);
insert into mallOrder.mall_coupon_history (coupon_history_id, coupon_id, user_id, order_id, member_nickname, create_time, use_status, use_time, order_sn) values (13, 7, 3, 25, 'user', '2021-05-14 23:30:10', 1, '2021-05-14 10:30:40', 2021051423303839982383551617032);
insert into mallOrder.mall_coupon_history (coupon_history_id, coupon_id, user_id, order_id, member_nickname, create_time, use_status, use_time, order_sn) values (14, 7, 4, 27, 'user', '2021-05-15 14:47:00', 1, '2021-05-15 01:48:13', 2021051514481190285070673458673);

insert into mallOrder.mall_delivery_logistics (delivery_logistics_id, order_id, delivery_logistics_no, delivery_company_name, company_address_id, order_address_id, operation_name, create_time) values (2, 3, 2021040420391559521481125779682, '顺丰快递', 2, 3, 'admin', '2021-04-04 20:39:18');
insert into mallOrder.mall_delivery_logistics (delivery_logistics_id, order_id, delivery_logistics_no, delivery_company_name, company_address_id, order_address_id, operation_name, create_time) values (3, 8, 2021041711510241257292182698921, '顺丰快递', 2, 8, 'admin', '2021-04-17 11:51:03');
insert into mallOrder.mall_delivery_logistics (delivery_logistics_id, order_id, delivery_logistics_no, delivery_company_name, company_address_id, order_address_id, operation_name, create_time) values (4, 12, 2021050917371212869483782477648, '中通快递', 1, 12, 'admin', '2021-05-09 17:37:12');
insert into mallOrder.mall_delivery_logistics (delivery_logistics_id, order_id, delivery_logistics_no, delivery_company_name, company_address_id, order_address_id, operation_name, create_time) values (5, 9, 2021051418224470748645675829969, '圆通快递', 1, 9, 'admin', '2021-05-14 18:22:44');
insert into mallOrder.mall_delivery_logistics (delivery_logistics_id, order_id, delivery_logistics_no, delivery_company_name, company_address_id, order_address_id, operation_name, create_time) values (6, 15, 2021051418225009519380065502895, '圆通快递', 1, 15, 'admin', '2021-05-14 18:22:50');
insert into mallOrder.mall_delivery_logistics (delivery_logistics_id, order_id, delivery_logistics_no, delivery_company_name, company_address_id, order_address_id, operation_name, create_time) values (7, 16, 2021051418225288639159482413437, '圆通快递', 1, 16, 'admin', '2021-05-14 18:22:52');
insert into mallOrder.mall_delivery_logistics (delivery_logistics_id, order_id, delivery_logistics_no, delivery_company_name, company_address_id, order_address_id, operation_name, create_time) values (8, 17, 2021051418225773009439063932938, '圆通快递', 1, 17, 'admin', '2021-05-14 18:22:57');
insert into mallOrder.mall_delivery_logistics (delivery_logistics_id, order_id, delivery_logistics_no, delivery_company_name, company_address_id, order_address_id, operation_name, create_time) values (9, 18, 2021051418230003859514350009406, '圆通快递', 1, 18, 'admin', '2021-05-14 18:23:00');
insert into mallOrder.mall_delivery_logistics (delivery_logistics_id, order_id, delivery_logistics_no, delivery_company_name, company_address_id, order_address_id, operation_name, create_time) values (10, 19, 2021051418241221049632314464197, '顺丰快递', 1, 19, 'admin', '2021-05-14 18:24:12');
insert into mallOrder.mall_delivery_logistics (delivery_logistics_id, order_id, delivery_logistics_no, delivery_company_name, company_address_id, order_address_id, operation_name, create_time) values (11, 20, 2021051418311059376527333385208, '圆通快递', 1, 20, 'admin', '2021-05-14 18:31:10');
insert into mallOrder.mall_delivery_logistics (delivery_logistics_id, order_id, delivery_logistics_no, delivery_company_name, company_address_id, order_address_id, operation_name, create_time) values (12, 23, 2021051423162468326681331241972, '圆通快递', 2, 23, 'admin', '2021-05-14 23:16:24');
insert into mallOrder.mall_delivery_logistics (delivery_logistics_id, order_id, delivery_logistics_no, delivery_company_name, company_address_id, order_address_id, operation_name, create_time) values (13, 24, 2021051423162760386820807201625, '圆通快递', 2, 24, 'admin', '2021-05-14 23:16:27');
insert into mallOrder.mall_delivery_logistics (delivery_logistics_id, order_id, delivery_logistics_no, delivery_company_name, company_address_id, order_address_id, operation_name, create_time) values (14, 26, 2021051423324869636209284150779, '圆通快递', 2, 26, 'admin', '2021-05-14 23:32:48');
insert into mallOrder.mall_delivery_logistics (delivery_logistics_id, order_id, delivery_logistics_no, delivery_company_name, company_address_id, order_address_id, operation_name, create_time) values (15, 28, 2021051514501762956364344678464, '圆通快递', 1, 28, 'admin', '2021-05-15 14:50:17');

insert into mallOrder.mall_order (order_id, order_no, user_id, total_amount, pay_status, pay_type, pay_time, order_status, extra_info, is_deleted, create_time, update_time, pay_amount, freight_amount, coupon_amount, delivery_time, receive_time) values (3, 2021032920361204685016747871687, 4, 1600.00, 0, 1, '2021-04-04 06:59:57', 3, '紧急送到', 0, '2021-03-29 20:36:12', '2021-04-04 20:45:24', 1580.00, 0.00, 20.00, '2021-04-04 07:39:16', '2021-04-04 07:45:23');
insert into mallOrder.mall_order (order_id, order_no, user_id, total_amount, pay_status, pay_type, pay_time, order_status, extra_info, is_deleted, create_time, update_time, pay_amount, freight_amount, coupon_amount, delivery_time, receive_time) values (6, 2021041600384316188735413465599, 4, 200.00, 1, 1, '2021-04-15 11:38:40', 5, '', 0, '2021-04-16 00:38:43', '2021-04-28 20:37:38', 180.00, 0.00, 20.00, null, null);
insert into mallOrder.mall_order (order_id, order_no, user_id, total_amount, pay_status, pay_type, pay_time, order_status, extra_info, is_deleted, create_time, update_time, pay_amount, freight_amount, coupon_amount, delivery_time, receive_time) values (8, 2021041610281782383604357019252, 4, 200.00, 0, 1, '2021-04-16 03:23:19', 3, '', 0, '2021-04-16 10:28:17', '2021-04-17 23:44:47', 200.00, 0.00, 0.00, '2021-04-16 22:51:02', '2021-04-17 10:44:47');
insert into mallOrder.mall_order (order_id, order_no, user_id, total_amount, pay_status, pay_type, pay_time, order_status, extra_info, is_deleted, create_time, update_time, pay_amount, freight_amount, coupon_amount, delivery_time, receive_time) values (9, 2021041812305621683059852977024, 4, 200.00, 0, 1, '2021-04-17 23:31:08', 5, '', 0, '2021-04-18 12:30:56', '2021-05-14 23:17:38', 200.00, 0.00, 0.00, '2021-05-14 05:22:45', '2021-05-14 05:23:13');
insert into mallOrder.mall_order (order_id, order_no, user_id, total_amount, pay_status, pay_type, pay_time, order_status, extra_info, is_deleted, create_time, update_time, pay_amount, freight_amount, coupon_amount, delivery_time, receive_time) values (12, 2021050713013765588484488775280, 4, 200.00, 1, 0, '2021-05-07 00:01:36', 3, '', 0, '2021-05-07 13:01:37', '2021-05-09 17:45:59', 200.00, 0.00, 0.00, '2021-05-09 04:37:12', '2021-05-09 04:45:59');
insert into mallOrder.mall_order (order_id, order_no, user_id, total_amount, pay_status, pay_type, pay_time, order_status, extra_info, is_deleted, create_time, update_time, pay_amount, freight_amount, coupon_amount, delivery_time, receive_time) values (14, 2021050914460107882570773963817, 4, 1379.00, 1, 0, '2021-05-09 01:46:01', 5, '', 0, '2021-05-09 14:46:01', '2021-05-14 18:23:42', 1379.00, 0.00, 0.00, null, null);
insert into mallOrder.mall_order (order_id, order_no, user_id, total_amount, pay_status, pay_type, pay_time, order_status, extra_info, is_deleted, create_time, update_time, pay_amount, freight_amount, coupon_amount, delivery_time, receive_time) values (15, 2021050917492936085058791199668, 4, 9652.00, 1, 1, '2021-05-09 04:49:29', 3, '', 0, '2021-05-09 17:49:29', '2021-05-14 18:23:15', 9652.00, 0.00, 0.00, '2021-05-14 05:22:50', '2021-05-14 05:23:15');
insert into mallOrder.mall_order (order_id, order_no, user_id, total_amount, pay_status, pay_type, pay_time, order_status, extra_info, is_deleted, create_time, update_time, pay_amount, freight_amount, coupon_amount, delivery_time, receive_time) values (16, 2021050917503124783105455330190, 4, 9652.00, 0, 1, '2021-05-09 04:50:55', 3, '', 0, '2021-05-09 17:50:31', '2021-05-14 18:23:17', 9652.00, 0.00, 0.00, '2021-05-14 05:22:53', '2021-05-14 05:23:17');
insert into mallOrder.mall_order (order_id, order_no, user_id, total_amount, pay_status, pay_type, pay_time, order_status, extra_info, is_deleted, create_time, update_time, pay_amount, freight_amount, coupon_amount, delivery_time, receive_time) values (17, 2021051010131388384047811271087, 4, 6276.00, 1, 1, '2021-05-09 21:13:13', 3, '', 0, '2021-05-10 10:13:13', '2021-05-14 18:23:18', 6276.00, 0.00, 0.00, '2021-05-14 05:22:58', '2021-05-14 05:23:18');
insert into mallOrder.mall_order (order_id, order_no, user_id, total_amount, pay_status, pay_type, pay_time, order_status, extra_info, is_deleted, create_time, update_time, pay_amount, freight_amount, coupon_amount, delivery_time, receive_time) values (18, 2021051418121671985279642923955, 4, 2734.00, 1, 1, '2021-05-14 05:12:15', 3, '', 0, '2021-05-14 18:12:16', '2021-05-14 18:23:23', 2714.00, 0.00, 20.00, '2021-05-14 05:23:00', '2021-05-14 05:23:23');
insert into mallOrder.mall_order (order_id, order_no, user_id, total_amount, pay_status, pay_type, pay_time, order_status, extra_info, is_deleted, create_time, update_time, pay_amount, freight_amount, coupon_amount, delivery_time, receive_time) values (19, 2021051418125790187773100999819, 4, 1379.00, 0, 1, '2021-05-14 05:13:12', 3, '', 0, '2021-05-14 18:12:57', '2021-05-14 18:24:18', 1379.00, 0.00, 0.00, '2021-05-14 05:24:12', '2021-05-14 05:24:18');
insert into mallOrder.mall_order (order_id, order_no, user_id, total_amount, pay_status, pay_type, pay_time, order_status, extra_info, is_deleted, create_time, update_time, pay_amount, freight_amount, coupon_amount, delivery_time, receive_time) values (20, 2021051418273451884384744676175, 4, 1379.00, 1, 1, '2021-05-14 05:27:34', 3, '', 0, '2021-05-14 18:27:34', '2021-05-14 18:31:28', 1359.00, 0.00, 20.00, '2021-05-14 05:31:11', '2021-05-14 05:31:28');
insert into mallOrder.mall_order (order_id, order_no, user_id, total_amount, pay_status, pay_type, pay_time, order_status, extra_info, is_deleted, create_time, update_time, pay_amount, freight_amount, coupon_amount, delivery_time, receive_time) values (21, 2021051418280477581541096625691, 4, 12552.00, 0, 1, '2021-05-14 05:28:21', 5, '', 0, '2021-05-14 18:28:04', '2021-05-14 18:31:55', 12552.00, 0.00, 0.00, null, null);
insert into mallOrder.mall_order (order_id, order_no, user_id, total_amount, pay_status, pay_type, pay_time, order_status, extra_info, is_deleted, create_time, update_time, pay_amount, freight_amount, coupon_amount, delivery_time, receive_time) values (23, 2021051423004882588682371482883, 4, 1379.00, 1, 1, '2021-05-14 10:00:48', 3, '', 0, '2021-05-14 23:00:48', '2021-05-14 23:16:35', 1359.00, 0.00, 20.00, '2021-05-14 10:16:25', '2021-05-14 10:16:35');
insert into mallOrder.mall_order (order_id, order_no, user_id, total_amount, pay_status, pay_type, pay_time, order_status, extra_info, is_deleted, create_time, update_time, pay_amount, freight_amount, coupon_amount, delivery_time, receive_time) values (24, 2021051423094266282986167924508, 4, 6276.00, 1, 1, '2021-05-14 10:09:42', 3, '', 0, '2021-05-14 23:09:42', '2021-05-14 23:16:33', 6256.00, 0.00, 20.00, '2021-05-14 10:16:28', '2021-05-14 10:16:33');
insert into mallOrder.mall_order (order_id, order_no, user_id, total_amount, pay_status, pay_type, pay_time, order_status, extra_info, is_deleted, create_time, update_time, pay_amount, freight_amount, coupon_amount, delivery_time, receive_time) values (25, 2021051423303839982383551617032, 4, 2734.00, 1, 1, '2021-05-14 10:30:38', 5, '', 0, '2021-05-14 23:30:38', '2021-05-14 23:33:17', 2714.00, 0.00, 20.00, null, null);
insert into mallOrder.mall_order (order_id, order_no, user_id, total_amount, pay_status, pay_type, pay_time, order_status, extra_info, is_deleted, create_time, update_time, pay_amount, freight_amount, coupon_amount, delivery_time, receive_time) values (26, 2021051423305435488853081292104, 4, 6276.00, 0, 1, '2021-05-14 10:31:36', 3, '', 0, '2021-05-14 23:30:54', '2021-05-14 23:33:03', 6276.00, 0.00, 0.00, '2021-05-14 10:32:49', '2021-05-14 10:33:03');
insert into mallOrder.mall_order (order_id, order_no, user_id, total_amount, pay_status, pay_type, pay_time, order_status, extra_info, is_deleted, create_time, update_time, pay_amount, freight_amount, coupon_amount, delivery_time, receive_time) values (27, 2021051514481190285070673458673, 4, 2734.00, 1, 1, '2021-05-15 01:48:11', 5, '', 0, '2021-05-15 14:48:11', '2021-05-15 14:50:46', 2714.00, 0.00, 20.00, null, null);
insert into mallOrder.mall_order (order_id, order_no, user_id, total_amount, pay_status, pay_type, pay_time, order_status, extra_info, is_deleted, create_time, update_time, pay_amount, freight_amount, coupon_amount, delivery_time, receive_time) values (28, 2021051514483755384391710706155, 4, 8120.00, 0, 1, '2021-05-15 01:48:50', 3, '', 0, '2021-05-15 14:48:37', '2021-05-15 14:50:27', 8120.00, 0.00, 0.00, '2021-05-15 01:50:18', '2021-05-15 01:50:27');

insert into mallOrder.mall_order_address (order_id, user_name, user_phone, province_name, city_name, region_name, detail_address) values (3, '黎日升', 13590035440, '吉林省', '长春市', '南关区', '吉林省长春市南关区大学路1号');
insert into mallOrder.mall_order_address (order_id, user_name, user_phone, province_name, city_name, region_name, detail_address) values (6, '黎日升', 13590035440, '吉林省', '长春市', '南关区', '吉林省长春市南关区大学路1号');
insert into mallOrder.mall_order_address (order_id, user_name, user_phone, province_name, city_name, region_name, detail_address) values (8, '黎日升', 13590035440, '吉林省', '长春市', '南关区', '吉林省长春市南关区大学路1号');
insert into mallOrder.mall_order_address (order_id, user_name, user_phone, province_name, city_name, region_name, detail_address) values (9, '黎日升', 13590035440, '吉林省', '长春市', '南关区', '吉林省长春市南关区大学路1号');
insert into mallOrder.mall_order_address (order_id, user_name, user_phone, province_name, city_name, region_name, detail_address) values (12, '黎日升', 13590035441, '吉林省', '长春市', '南关区', '吉林省 长 春市 南关区 大学路1号');
insert into mallOrder.mall_order_address (order_id, user_name, user_phone, province_name, city_name, region_name, detail_address) values (14, '黎日升', 13590035441, '吉林省', '长春市', '南关区', '吉林省 长春市 南关区 大学路1号');
insert into mallOrder.mall_order_address (order_id, user_name, user_phone, province_name, city_name, region_name, detail_address) values (15, '黎日升', 13590035441, '吉林省', '长春市', '南关区', '吉林省 长春市 南关区 大学路1号');
insert into mallOrder.mall_order_address (order_id, user_name, user_phone, province_name, city_name, region_name, detail_address) values (16, '黎日升', 13590035441, '吉林省', '长春市', '南关区', '吉林省 长春市 南关区 大学路1号');
insert into mallOrder.mall_order_address (order_id, user_name, user_phone, province_name, city_name, region_name, detail_address) values (17, ' 黎日升', 13590035441, '吉林省', '长春市', '南关区', '吉林省 长春市 南关区 大学路1号');
insert into mallOrder.mall_order_address (order_id, user_name, user_phone, province_name, city_name, region_name, detail_address) values (18, '黎日升', 13590035540, '广东省', '湛江市', '赤坎区', '广东省湛江市赤坎区大学路1号');
insert into mallOrder.mall_order_address (order_id, user_name, user_phone, province_name, city_name, region_name, detail_address) values (19, '黎日升', 13590035540, '广东省', '湛江市', '赤坎区', '广东省湛江市赤坎区大学路1号');
insert into mallOrder.mall_order_address (order_id, user_name, user_phone, province_name, city_name, region_name, detail_address) values (20, '黎日升', 13590035540, '广东省', '湛江市', '赤坎区', '广东省湛江市赤坎区大学路1号');
insert into mallOrder.mall_order_address (order_id, user_name, user_phone, province_name, city_name, region_name, detail_address) values (21, '黎日升', 13590035540, '广东省', '湛江市', '赤坎区', '广东省湛江市赤坎区大学路1号');
insert into mallOrder.mall_order_address (order_id, user_name, user_phone, province_name, city_name, region_name, detail_address) values (23, '黎日升', 13590035540, '广东省', '湛江市', '赤坎区', '广东省湛江市赤坎区大学路1号');
insert into mallOrder.mall_order_address (order_id, user_name, user_phone, province_name, city_name, region_name, detail_address) values (24, '黎日升', 13590035540, '广东省', '湛江市', '赤坎区', '广东省湛江市赤坎区大学路1号');
insert into mallOrder.mall_order_address (order_id, user_name, user_phone, province_name, city_name, region_name, detail_address) values (25, '黎日升', 13590035540, '广东省', '湛江市', '赤坎区', '广东省湛江市赤坎区大学路1号');
insert into mallOrder.mall_order_address (order_id, user_name, user_phone, province_name, city_name, region_name, detail_address) values (26, '黎日升', 13590035441, '吉林省', '长春市', '南关区', '吉林省 长春市 南关区 大学路1号');
insert into mallOrder.mall_order_address (order_id, user_name, user_phone, province_name, city_name, region_name, detail_address) values (27, '黎日升', 13590035540, '广东省', '湛江市', '赤坎区', '广东省湛江市赤坎区大学路1号');
insert into mallOrder.mall_order_address (order_id, user_name, user_phone, province_name, city_name, region_name, detail_address) values (28, '黎日升', 13590035540, '广东省', '湛江市', '赤坎区', '广东省湛江市赤坎区大学路1号');

insert into mallOrder.mall_order_item (order_item_id, order_id, goods_property_id, goods_name, goods_info, goods_cover_img, selling_price, goods_count, goods_total_price, create_time) values (3, 3, 1, '热卖电饭锅', '[{"key":"容量","value":"1L"}]', 'http://mall-photo.oss-cn-beijing.aliyuncs.com/dianfangguo1.jpg', 200.00, 4, 800.00, '2021-03-29 20:36:12');
insert into mallOrder.mall_order_item (order_item_id, order_id, goods_property_id, goods_name, goods_info, goods_cover_img, selling_price, goods_count, goods_total_price, create_time) values (4, 3, 1, '热卖电饭锅', '[{"key":"容量","value":"1L"}]', 'http://mall-photo.oss-cn-beijing.aliyuncs.com/dianfangguo1.jpg', 200.00, 4, 800.00, '2021-03-29 20:36:12');
insert into mallOrder.mall_order_item (order_item_id, order_id, goods_property_id, goods_name, goods_info, goods_cover_img, selling_price, goods_count, goods_total_price, create_time) values (7, 6, 2, '热卖电饭锅', '[{"key":"容量","value":"2L"}]', 'http://mall-photo.oss-cn-beijing.aliyuncs.com/dianfangguo1.jpg', 200.00, 1, 200.00, '2021-04-16 00:38:43');
insert into mallOrder.mall_order_item (order_item_id, order_id, goods_property_id, goods_name, goods_info, goods_cover_img, selling_price, goods_count, goods_total_price, create_time) values (9, 8, 1, '热卖电饭锅', '[{"key":"容量","value":"1L"}]', 'http://mall-photo.oss-cn-beijing.aliyuncs.com/dianfangguo1.jpg', 200.00, 1, 200.00, '2021-04-16 10:28:18');
insert into mallOrder.mall_order_item (order_item_id, order_id, goods_property_id, goods_name, goods_info, goods_cover_img, selling_price, goods_count, goods_total_price, create_time) values (10, 9, 2, '热卖电饭锅', '[{"key":"容量","value":"2L"}]', 'http://mall-photo.oss-cn-beijing.aliyuncs.com/dianfangguo1.jpg', 200.00, 1, 200.00, '2021-04-18 12:30:56');
insert into mallOrder.mall_order_item (order_item_id, order_id, goods_property_id, goods_name, goods_info, goods_cover_img, selling_price, goods_count, goods_total_price, create_time) values (13, 12, 1, '热卖电饭锅', '[{"key":"容量","value":"1L"}]', 'http://mall-photo.oss-cn-beijing.aliyuncs.com/dianfangguo1.jpg', 200.00, 1, 200.00, '2021-05-07 13:01:37');
insert into mallOrder.mall_order_item (order_item_id, order_id, goods_property_id, goods_name, goods_info, goods_cover_img, selling_price, goods_count, goods_total_price, create_time) values (15, 14, 14, '西哲伊贺烧电饭锅煲土陶瓷内胆智能家用多功能定时预约', '[{"key":"容量","value":"1L"}]', 'https://mall-photo.oss-cn-beijing.aliyuncs.com/%E7%94%B5%E9%A5%AD%E9%94%853.jpg', 1379.00, 1, 1379.00, '2021-05-09 14:46:01');
insert into mallOrder.mall_order_item (order_item_id, order_id, goods_property_id, goods_name, goods_info, goods_cover_img, selling_price, goods_count, goods_total_price, create_time) values (16, 15, 22, '电饭锅大容量10升15-20人食堂酒店商用老式大电饭煲不粘锅', '[{"key":"容量","value":"1L"}]', 'https://mall-photo.oss-cn-beijing.aliyuncs.com/%E7%94%B5%E9%A5%AD%E9%94%852.jpg', 9652.00, 1, 9652.00, '2021-05-09 17:49:29');
insert into mallOrder.mall_order_item (order_item_id, order_id, goods_property_id, goods_name, goods_info, goods_cover_img, selling_price, goods_count, goods_total_price, create_time) values (17, 16, 22, '电饭锅大容量10升15-20人食堂酒店商用老式大电饭煲不粘锅', '[{"key":"容量","value":"1L"}]', 'https://mall-photo.oss-cn-beijing.aliyuncs.com/%E7%94%B5%E9%A5%AD%E9%94%852.jpg', 9652.00, 1, 9652.00, '2021-05-09 17:50:31');
insert into mallOrder.mall_order_item (order_item_id, order_id, goods_property_id, goods_name, goods_info, goods_cover_img, selling_price, goods_count, goods_total_price, create_time) values (18, 17, 6, '电饭煲家用4L多功能智能大容量迷你电饭锅煮饭官方旗舰店正品', '[{"key":"容量","value":"1L"}]', 'https://mall-photo.oss-cn-beijing.aliyuncs.com/%E7%94%B5%E9%A5%AD%E9%94%854.jpg', 6276.00, 1, 6276.00, '2021-05-10 10:13:17');
insert into mallOrder.mall_order_item (order_item_id, order_id, goods_property_id, goods_name, goods_info, goods_cover_img, selling_price, goods_count, goods_total_price, create_time) values (19, 18, 56, '电饭煲家用4L多功能智能大容量迷你电饭锅煮饭官方旗舰店正品', '[{"key":"容量","value":"2L"}]', 'https://mall-photo.oss-cn-beijing.aliyuncs.com/%E7%94%B5%E9%A5%AD%E9%94%854.jpg', 2734.00, 1, 2734.00, '2021-05-14 18:12:17');
insert into mallOrder.mall_order_item (order_item_id, order_id, goods_property_id, goods_name, goods_info, goods_cover_img, selling_price, goods_count, goods_total_price, create_time) values (20, 19, 14, '西哲伊贺烧电饭锅煲土陶瓷内胆智能家用多功能定时预约', '[{"key":"容量","value":"1L"}]', 'https://mall-photo.oss-cn-beijing.aliyuncs.com/%E7%94%B5%E9%A5%AD%E9%94%853.jpg', 1379.00, 1, 1379.00, '2021-05-14 18:12:58');
insert into mallOrder.mall_order_item (order_item_id, order_id, goods_property_id, goods_name, goods_info, goods_cover_img, selling_price, goods_count, goods_total_price, create_time) values (21, 20, 14, '西哲伊贺烧电饭锅煲土陶瓷内胆智能 家用多功能定时预约', '[{"key":"容量","value":"1L"}]', 'https://mall-photo.oss-cn-beijing.aliyuncs.com/%E7%94%B5%E9%A5%AD%E9%94%853.jpg', 1379.00, 1, 1379.00, '2021-05-14 18:27:35');
insert into mallOrder.mall_order_item (order_item_id, order_id, goods_property_id, goods_name, goods_info, goods_cover_img, selling_price, goods_count, goods_total_price, create_time) values (22, 21, 6, '电饭煲家用4L多功能智能大容量迷你电饭锅煮饭官方旗舰店正品', '[{"key":"容量","value":"1L"}]', 'https://mall-photo.oss-cn-beijing.aliyuncs.com/%E7%94%B5%E9%A5%AD%E9%94%854.jpg', 6276.00, 2, 12552.00, '2021-05-14 18:28:05');
insert into mallOrder.mall_order_item (order_item_id, order_id, goods_property_id, goods_name, goods_info, goods_cover_img, selling_price, goods_count, goods_total_price, create_time) values (24, 23, 14, '西哲伊贺烧电饭锅煲土陶瓷内胆智能 家用多功能定时预约', '[{"key":"容量","value":"1L"}]', 'https://mall-photo.oss-cn-beijing.aliyuncs.com/%E7%94%B5%E9%A5%AD%E9%94%853.jpg', 1379.00, 1, 1379.00, '2021-05-14 23:00:48');
insert into mallOrder.mall_order_item (order_item_id, order_id, goods_property_id, goods_name, goods_info, goods_cover_img, selling_price, goods_count, goods_total_price, create_time) values (25, 24, 6, '电饭煲家用4L多功能智能大容量迷你电饭锅煮饭官方旗舰店正品', '[{"key":"容量","value":"1L"}]', 'https://mall-photo.oss-cn-beijing.aliyuncs.com/%E7%94%B5%E9%A5%AD%E9%94%854.jpg', 6276.00, 1, 6276.00, '2021-05-14 23:09:42');
insert into mallOrder.mall_order_item (order_item_id, order_id, goods_property_id, goods_name, goods_info, goods_cover_img, selling_price, goods_count, goods_total_price, create_time) values (26, 25, 56, '电饭煲家用4L多功能智能大容量迷你电饭锅煮饭官方旗舰店正品', '[{"key":"容量","value":"2L"}]', 'https://mall-photo.oss-cn-beijing.aliyuncs.com/%E7%94%B5%E9%A5%AD%E9%94%854.jpg', 2734.00, 1, 2734.00, '2021-05-14 23:30:38');
insert into mallOrder.mall_order_item (order_item_id, order_id, goods_property_id, goods_name, goods_info, goods_cover_img, selling_price, goods_count, goods_total_price, create_time) values (27, 26, 6, '电饭煲家用4L多功能智能大容量迷你电饭锅煮饭官方旗舰店正品', '[{"key":"容量","value":"1L"}]', 'https://mall-photo.oss-cn-beijing.aliyuncs.com/%E7%94%B5%E9%A5%AD%E9%94%854.jpg', 6276.00, 1, 6276.00, '2021-05-14 23:30:54');
insert into mallOrder.mall_order_item (order_item_id, order_id, goods_property_id, goods_name, goods_info, goods_cover_img, selling_price, goods_count, goods_total_price, create_time) values (28, 27, 56, '电饭煲家用4L多功能智能大容量迷你电饭锅煮饭官方旗舰店正品', '[{"key":"容量","value":"2L"}]', 'https://mall-photo.oss-cn-beijing.aliyuncs.com/%E7%94%B5%E9%A5%AD%E9%94%854.jpg', 2734.00, 1, 2734.00, '2021-05-15 14:48:12');
insert into mallOrder.mall_order_item (order_item_id, order_id, goods_property_id, goods_name, goods_info, goods_cover_img, selling_price, goods_count, goods_total_price, create_time) values (29, 28, 50, '迷你电饭煲1到2人小型家用正品多功能老式智能锅宿舍可蒸煮单', '[{"key":"容量","value":"1L"}]', 'https://mall-photo.oss-cn-beijing.aliyuncs.com/%E7%94%B5%E9%A5%AD%E9%94%855.jpg', 4060.00, 2, 8120.00, '2021-05-15 14:48:37');

insert into mallOrder.mall_order_return_apply (order_return_apply_id, order_id, company_address_id, create_time, return_amount, return_name, return_phone, status, handle_time, reason, handle_note, handle_man, receive_man, receive_time, receive_note) values (1, 4, 1, '2021-04-03 10:08:55', 1580.00, 'user', 13590035440, 2, '2021-04-04 03:43:03', '', '通过退货', '', '', '2021-04-04 04:09:06', '收货成功');
insert into mallOrder.mall_order_return_apply (order_return_apply_id, order_id, company_address_id, create_time, return_amount, return_name, return_phone, status, handle_time, reason, handle_note, handle_man, receive_man, receive_time, receive_note) values (6, 6, 2, '2021-04-18 10:25:45', 180.00, '发生的', 13590035440, 2, '2021-04-17 21:30:47', '不想买了', '同意退货', '', '', '2021-04-17 22:39:03', '确认收到货');
insert into mallOrder.mall_order_return_apply (order_return_apply_id, order_id, company_address_id, create_time, return_amount, return_name, return_phone, status, handle_time, reason, handle_note, handle_man, receive_man, receive_time, receive_note) values (7, 9, 1, '2021-05-07 13:02:37', 200.00, '黎日升', 13590035440, 2, '2021-05-14 10:17:25', '不想买啦', '收到货', '', '', '2021-05-14 10:17:38', '收到货');
insert into mallOrder.mall_order_return_apply (order_return_apply_id, order_id, company_address_id, create_time, return_amount, return_name, return_phone, status, handle_time, reason, handle_note, handle_man, receive_man, receive_time, receive_note) values (8, 14, 2, '2021-05-09 17:46:29', 1379.00, '黎日升', 13590035441, 2, '2021-05-09 04:47:04', '不合适', '同意退货', '', '', '2021-05-14 05:23:41', '收获成功');
insert into mallOrder.mall_order_return_apply (order_return_apply_id, order_id, company_address_id, create_time, return_amount, return_name, return_phone, status, handle_time, reason, handle_note, handle_man, receive_man, receive_time, receive_note) values (9, 21, 1, '2021-05-14 18:28:36', 12552.00, '黎日升', 13590035540, 2, '2021-05-14 05:30:55', '不想买啦', '同意退货', '', '', '2021-05-14 05:31:54', '收到货');
insert into mallOrder.mall_order_return_apply (order_return_apply_id, order_id, company_address_id, create_time, return_amount, return_name, return_phone, status, handle_time, reason, handle_note, handle_man, receive_man, receive_time, receive_note) values (10, 25, 2, '2021-05-14 23:32:09', 2714.00, '黎日升', 13590035540, 2, '2021-05-14 10:32:41', '不想要啦', '通过收货', '', '', '2021-05-14 10:33:16', '收到货');
insert into mallOrder.mall_order_return_apply (order_return_apply_id, order_id, company_address_id, create_time, return_amount, return_name, return_phone, status, handle_time, reason, handle_note, handle_man, receive_man, receive_time, receive_note) values (11, 27, 2, '2021-05-15 14:49:01', 2714.00, '黎日升', 13590035540, 2, '2021-05-15 01:50:03', '不想买啦', '同意', '', '', '2021-05-15 01:50:45', '收到货');

insert into mallOrder.mall_shopping_cart_item (cart_item_id, user_id, goods_property_id, goods_name, goods_info, goods_cover_img, goods_count, goods_price, is_deleted, create_time, update_time) values (1, 4, 1, '热卖电饭锅', '[{"key":"容量","value":"1L"}]', '', 4, 200.00, 1, '2021-03-27 22:42:09', '2021-03-29 20:36:14');
insert into mallOrder.mall_shopping_cart_item (cart_item_id, user_id, goods_property_id, goods_name, goods_info, goods_cover_img, goods_count, goods_price, is_deleted, create_time, update_time) values (2, 4, 1, '热卖电饭锅', '[{"key":"容量","value":"1L"}]', '', 3, 200.00, 1, '2021-03-28 01:12:31', '2021-03-28 01:12:58');
insert into mallOrder.mall_shopping_cart_item (cart_item_id, user_id, goods_property_id, goods_name, goods_info, goods_cover_img, goods_count, goods_price, is_deleted, create_time, update_time) values (3, 4, 1, '热 卖电饭锅', '[{"key":"容量","value":"1L"}]', '', 4, 200.00, 1, '2021-03-28 20:13:43', '2021-03-29 20:36:14');
insert into mallOrder.mall_shopping_cart_item (cart_item_id, user_id, goods_property_id, goods_name, goods_info, goods_cover_img, goods_count, goods_price, is_deleted, create_time, update_time) values (4, 4, 1, '热卖电饭锅', '[{"key":"容量","value":"1L"}]', 'http://mall-photo.oss-cn-beijing.aliyuncs.com/dianfangguo1.jpg', 2, 200.00, 1, '2021-04-15 15:45:47', '2021-04-15 22:07:38');
insert into mallOrder.mall_shopping_cart_item (cart_item_id, user_id, goods_property_id, goods_name, goods_info, goods_cover_img, goods_count, goods_price, is_deleted, create_time, update_time) values (5, 4, 2, '热卖电饭锅', '[{"key":"容量","value":"2L"}]', 'http://mall-photo.oss-cn-beijing.aliyuncs.com/dianfangguo1.jpg', 1, 200.00, 1, '2021-04-15 18:52:03', '2021-04-18 12:30:57');
insert into mallOrder.mall_shopping_cart_item (cart_item_id, user_id, goods_property_id, goods_name, goods_info, goods_cover_img, goods_count, goods_price, is_deleted, create_time, update_time) values (6, 4, 1, '热卖电饭锅', '[{"key":"容量","value":"1L"}]', 'http://mall-photo.oss-cn-beijing.aliyuncs.com/dianfangguo1.jpg', 1, 200.00, 1, '2021-04-15 20:40:59', '2021-04-15 22:10:35');
insert into mallOrder.mall_shopping_cart_item (cart_item_id, user_id, goods_property_id, goods_name, goods_info, goods_cover_img, goods_count, goods_price, is_deleted, create_time, update_time) values (7, 4, 1, '热卖电饭锅', '[{"key":"容量","value":"1L"}]', 'http://mall-photo.oss-cn-beijing.aliyuncs.com/dianfangguo1.jpg', 2, 200.00, 1, '2021-04-15 22:11:43', '2021-04-15 22:16:57');
insert into mallOrder.mall_shopping_cart_item (cart_item_id, user_id, goods_property_id, goods_name, goods_info, goods_cover_img, goods_count, goods_price, is_deleted, create_time, update_time) values (8, 4, 2, '热卖电饭锅', '[{"key":"容量","value":"2L"}]', 'http://mall-photo.oss-cn-beijing.aliyuncs.com/dianfangguo1.jpg', 2, 200.00, 1, '2021-04-15 22:11:47', '2021-04-15 22:12:29');
insert into mallOrder.mall_shopping_cart_item (cart_item_id, user_id, goods_property_id, goods_name, goods_info, goods_cover_img, goods_count, goods_price, is_deleted, create_time, update_time) values (9, 4, 2, '热卖电 饭锅', '[{"key":"容量","value":"2L"}]', 'http://mall-photo.oss-cn-beijing.aliyuncs.com/dianfangguo1.jpg', 1, 200.00, 1, '2021-04-15 22:17:16', '2021-04-16 00:38:46');
insert into mallOrder.mall_shopping_cart_item (cart_item_id, user_id, goods_property_id, goods_name, goods_info, goods_cover_img, goods_count, goods_price, is_deleted, create_time, update_time) values (10, 4, 1, '热卖电饭锅', '[{"key":"容量","value":"1L"}]', 'http://mall-photo.oss-cn-beijing.aliyuncs.com/dianfangguo1.jpg', 1, 200.00, 1, '2021-04-26 21:23:17', '2021-05-07 13:01:39');
insert into mallOrder.mall_shopping_cart_item (cart_item_id, user_id, goods_property_id, goods_name, goods_info, goods_cover_img, goods_count, goods_price, is_deleted, create_time, update_time) values (11, 4, 14, '西哲伊贺烧电饭锅煲土陶瓷内胆智能家用多功能定时预约', '[{"key":"容量","value":"1L"}]', 'https://mall-photo.oss-cn-beijing.aliyuncs.com/%E7%94%B5%E9%A5%AD%E9%94%853.jpg', 1, 1379.00, 1, '2021-04-28 17:00:53', '2021-04-28 19:44:21');
insert into mallOrder.mall_shopping_cart_item (cart_item_id, user_id, goods_property_id, goods_name, goods_info, goods_cover_img, goods_count, goods_price, is_deleted, create_time, update_time) values (12, 4, 14, '西哲伊贺烧电饭锅煲土陶瓷内胆智能家用多功能定时预约', '[{"key":"容量","value":"1L"}]', 'https://mall-photo.oss-cn-beijing.aliyuncs.com/%E7%94%B5%E9%A5%AD%E9%94%853.jpg', 1, 1379.00, 1, '2021-04-28 17:01:05', '2021-05-09 14:46:02');
insert into mallOrder.mall_shopping_cart_item (cart_item_id, user_id, goods_property_id, goods_name, goods_info, goods_cover_img, goods_count, goods_price, is_deleted, create_time, update_time) values (13, 4, 64, '西哲伊贺烧电饭锅煲土陶瓷内胆智能家用多功 能定时预约', '[{"key":"容量","value":"2L"}]', 'https://mall-photo.oss-cn-beijing.aliyuncs.com/%E7%94%B5%E9%A5%AD%E9%94%853.jpg', 1, 3121.00, 1, '2021-04-28 20:00:52', '2021-05-04 17:46:47');
insert into mallOrder.mall_shopping_cart_item (cart_item_id, user_id, goods_property_id, goods_name, goods_info, goods_cover_img, goods_count, goods_price, is_deleted, create_time, update_time) values (14, 4, 14, '西哲伊贺烧电饭锅煲土陶瓷内胆智能家用多功能定时预约', '[{"key":"容量","value":"1L"}]', 'https://mall-photo.oss-cn-beijing.aliyuncs.com/%E7%94%B5%E9%A5%AD%E9%94%853.jpg', 1, 1379.00, 1, '2021-05-04 17:46:34', '2021-05-04 17:46:47');
insert into mallOrder.mall_shopping_cart_item (cart_item_id, user_id, goods_property_id, goods_name, goods_info, goods_cover_img, goods_count, goods_price, is_deleted, create_time, update_time) values (15, 4, 14, '西哲伊贺烧电饭锅煲土陶瓷内胆智能家用多功能定时预约', '[{"key":"容量","value":"1L"}]', 'https://mall-photo.oss-cn-beijing.aliyuncs.com/%E7%94%B5%E9%A5%AD%E9%94%853.jpg', 1, 1379.00, 1, '2021-05-04 17:46:34', '2021-05-04 17:46:47');
insert into mallOrder.mall_shopping_cart_item (cart_item_id, user_id, goods_property_id, goods_name, goods_info, goods_cover_img, goods_count, goods_price, is_deleted, create_time, update_time) values (16, 4, 14, '西哲伊贺烧电饭锅煲土陶瓷内胆智能家用多功能定时预约', '[{"key":"容量","value":"1L"}]', 'https://mall-photo.oss-cn-beijing.aliyuncs.com/%E7%94%B5%E9%A5%AD%E9%94%853.jpg', 2, 1379.00, 1, '2021-05-04 17:46:34', '2021-05-09 17:50:07');
insert into mallOrder.mall_shopping_cart_item (cart_item_id, user_id, goods_property_id, goods_name, goods_info, goods_cover_img, goods_count, goods_price, is_deleted, create_time, update_time) values (17, 4, 14, '西哲伊贺烧电饭锅煲土陶瓷内胆智能家用多功能定时预约', '[{"key":"容量","value":"1L"}]', 'https://mall-photo.oss-cn-beijing.aliyuncs.com/%E7%94%B5%E9%A5%AD%E9%94%853.jpg', 1, 1379.00, 1, '2021-05-05 16:16:50', '2021-05-05 17:23:17');
insert into mallOrder.mall_shopping_cart_item (cart_item_id, user_id, goods_property_id, goods_name, goods_info, goods_cover_img, goods_count, goods_price, is_deleted, create_time, update_time) values (18, 4, 14, '西哲伊贺烧 电饭锅煲土陶瓷内胆智能家用多功能定时预约', '[{"key":"容量","value":"1L"}]', 'https://mall-photo.oss-cn-beijing.aliyuncs.com/%E7%94%B5%E9%A5%AD%E9%94%853.jpg', 1, 1379.00, 1, '2021-05-05 17:22:50', '2021-05-09 17:50:07');
insert into mallOrder.mall_shopping_cart_item (cart_item_id, user_id, goods_property_id, goods_name, goods_info, goods_cover_img, goods_count, goods_price, is_deleted, create_time, update_time) values (19, 4, 14, '西哲伊贺烧电饭锅煲土陶瓷内胆智能家用多功能定时预约', '[{"key":"容量","value":"1L"}]', 'https://mall-photo.oss-cn-beijing.aliyuncs.com/%E7%94%B5%E9%A5%AD%E9%94%853.jpg', 1, 1379.00, 1, '2021-05-05 17:24:52', '2021-05-09 17:50:07');
insert into mallOrder.mall_shopping_cart_item (cart_item_id, user_id, goods_property_id, goods_name, goods_info, goods_cover_img, goods_count, goods_price, is_deleted, create_time, update_time) values (20, 4, 14, '西哲伊贺烧电饭锅煲土陶瓷内胆智能家用多功能定时预约', '[{"key":"容量","value":"1L"}]', 'https://mall-photo.oss-cn-beijing.aliyuncs.com/%E7%94%B5%E9%A5%AD%E9%94%853.jpg', 1, 1379.00, 1, '2021-05-05 17:29:59', '2021-05-09 17:50:07');
insert into mallOrder.mall_shopping_cart_item (cart_item_id, user_id, goods_property_id, goods_name, goods_info, goods_cover_img, goods_count, goods_price, is_deleted, create_time, update_time) values (21, 4, 14, '西哲伊贺烧电饭锅煲土陶瓷内胆智能家用多功能定时预约', '[{"key":"容量","value":"1L"}]', 'https://mall-photo.oss-cn-beijing.aliyuncs.com/%E7%94%B5%E9%A5%AD%E9%94%853.jpg', 1, 1379.00, 1, '2021-05-05 17:30:54', '2021-05-14 18:13:00');
insert into mallOrder.mall_shopping_cart_item (cart_item_id, user_id, goods_property_id, goods_name, goods_info, goods_cover_img, goods_count, goods_price, is_deleted, create_time, update_time) values (22, 4, 22, '电饭锅大容量10升15-20人食堂酒店商用老式大电饭煲不粘锅', '[{"key":"容量","value":"1L"}]', 'https://mall-photo.oss-cn-beijing.aliyuncs.com/%E7%94%B5%E9%A5%AD%E9%94%852.jpg', 1, 9652.00, 1, '2021-05-05 17:32:31', '2021-05-09 17:49:30');
insert into mallOrder.mall_shopping_cart_item (cart_item_id, user_id, goods_property_id, goods_name, goods_info, goods_cover_img, goods_count, goods_price, is_deleted, create_time, update_time) values (23, 4, 4, '电饭煲家用智能多功能预约迷你小电饭锅单人小型宿舍1-2人', '[{"key":"容量","value":"1L"}]', 'https://mall-photo.oss-cn-beijing.aliyuncs.com/%E7%94%B5%E9%A5%AD%E9%94%852.jpg', 1, 6739.00, 1, '2021-05-05 17:32:37', '2021-05-14 18:27:49');
insert into mallOrder.mall_shopping_cart_item (cart_item_id, user_id, goods_property_id, goods_name, goods_info, goods_cover_img, goods_count, goods_price, is_deleted, create_time, update_time) values (24, 4, 34, '电饭煲家用4L升智能多功能蒸煮 粥电饭锅官方旗舰店正品', '[{"key":"容量","value":"1L"}]', 'https://mall-photo.oss-cn-beijing.aliyuncs.com/%E7%94%B5%E9%A5%AD%E9%94%855.jpg', 1, 9361.00, 1, '2021-05-05 17:32:43', '2021-05-09 17:50:07');
insert into mallOrder.mall_shopping_cart_item (cart_item_id, user_id, goods_property_id, goods_name, goods_info, goods_cover_img, goods_count, goods_price, is_deleted, create_time, update_time) values (25, 4, 33, '电饭煲5L升智能家用多功能饭锅3大容量4-8人官方旗舰店正品', '[{"key":"容量","value":"1L"}]', 'https://mall-photo.oss-cn-beijing.aliyuncs.com/%E7%94%B5%E9%A5%AD%E9%94%853.jpg', 1, 4977.00, 1, '2021-05-05 17:32:50', '2021-05-09 17:50:07');
insert into mallOrder.mall_shopping_cart_item (cart_item_id, user_id, goods_property_id, goods_name, goods_info, goods_cover_img, goods_count, goods_price, is_deleted, create_time, update_time) values (26, 4, 36, '食色低糖电饭煲米汤分离4l智能家用多功能去无糖蒸煮沥米饭锅', '[{"key":"容量","value":"1L"}]', 'https://mall-photo.oss-cn-beijing.aliyuncs.com/%E7%94%B5%E9%A5%AD%E9%94%851.jpg', 1, 1277.00, 1, '2021-05-05 17:32:56', '2021-05-09 17:50:07');
insert into mallOrder.mall_shopping_cart_item (cart_item_id, user_id, goods_property_id, goods_name, goods_info, goods_cover_img, goods_count, goods_price, is_deleted, create_time, update_time) values (27, 4, 28, '电饭煲家用3L升米饭锅小2人智能4多功能5-6官方旗舰店正品', '[{"key":"容量","value":"1L"}]', 'https://mall-photo.oss-cn-beijing.aliyuncs.com/%E7%94%B5%E9%A5%AD%E9%94%853.jpg', 1, 7026.00, 1, '2021-05-05 17:33:06', '2021-05-09 17:50:07');
insert into mallOrder.mall_shopping_cart_item (cart_item_id, user_id, goods_property_id, goods_name, goods_info, goods_cover_img, goods_count, goods_price, is_deleted, create_time, update_time) values (28, 4, 27, '电饭煲5L升4智能家用多功能电饭锅大容量6人用蒸米煮饭正品', '[{"key":"容量","value":"1L"}]', 'https://mall-photo.oss-cn-beijing.aliyuncs.com/%E7%94%B5%E9%A5%AD%E9%94%852.jpg', 1, 9896.00, 1, '2021-05-05 17:33:12', '2021-05-09 17:50:07');
insert into mallOrder.mall_shopping_cart_item (cart_item_id, user_id, goods_property_id, goods_name, goods_info, goods_cover_img, goods_count, goods_price, is_deleted, create_time, update_time) values (29, 4, 6, '电饭煲家用4L多功能智能大容量迷你电饭锅煮饭官方旗舰店正品', '[{"key":"容量","value":"1L"}]', 'https://mall-photo.oss-cn-beijing.aliyuncs.com/%E7%94%B5%E9%A5%AD%E9%94%854.jpg', 1, 6276.00, 1, '2021-05-05 17:33:17', '2021-05-10 10:13:19');
insert into mallOrder.mall_shopping_cart_item (cart_item_id, user_id, goods_property_id, goods_name, goods_info, goods_cover_img, goods_count, goods_price, is_deleted, create_time, update_time) values (30, 4, 22, '电饭锅大容量10升15-20人食堂酒 店商用老式大电饭煲不粘锅', '[{"key":"容量","value":"1L"}]', 'https://mall-photo.oss-cn-beijing.aliyuncs.com/%E7%94%B5%E9%A5%AD%E9%94%852.jpg', 1, 9652.00, 1, '2021-05-09 17:48:15', '2021-05-09 17:50:32');
insert into mallOrder.mall_shopping_cart_item (cart_item_id, user_id, goods_property_id, goods_name, goods_info, goods_cover_img, goods_count, goods_price, is_deleted, create_time, update_time) values (31, 4, 14, '西哲伊贺烧电饭锅煲土陶瓷内胆智能家用多功能定时预约', '[{"key":"容量","value":"1L"}]', 'https://mall-photo.oss-cn-beijing.aliyuncs.com/%E7%94%B5%E9%A5%AD%E9%94%853.jpg', 1, 1379.00, 1, '2021-05-10 10:10:54', '2021-05-10 10:11:46');
insert into mallOrder.mall_shopping_cart_item (cart_item_id, user_id, goods_property_id, goods_name, goods_info, goods_cover_img, goods_count, goods_price, is_deleted, create_time, update_time) values (32, 4, 6, '电饭煲家用4L多功能智能大容量迷你电饭锅煮饭官方旗舰店正品', '[{"key":"容量","value":"1L"}]', 'https://mall-photo.oss-cn-beijing.aliyuncs.com/%E7%94%B5%E9%A5%AD%E9%94%854.jpg', 2, 6276.00, 1, '2021-05-14 18:11:55', '2021-05-14 18:28:06');
insert into mallOrder.mall_shopping_cart_item (cart_item_id, user_id, goods_property_id, goods_name, goods_info, goods_cover_img, goods_count, goods_price, is_deleted, create_time, update_time) values (33, 4, 14, '西哲伊贺烧电饭锅煲土陶瓷内胆智能 家用多功能定时预约', '[{"key":"容量","value":"1L"}]', 'https://mall-photo.oss-cn-beijing.aliyuncs.com/%E7%94%B5%E9%A5%AD%E9%94%853.jpg', 1, 1379.00, 1, '2021-05-14 18:26:48', '2021-05-14 23:00:50');
insert into mallOrder.mall_shopping_cart_item (cart_item_id, user_id, goods_property_id, goods_name, goods_info, goods_cover_img, goods_count, goods_price, is_deleted, create_time, update_time) values (34, 4, 6, '电饭煲家用4L多功能智能大容量迷你电饭锅煮饭官方旗舰店正品', '[{"key":"容量","value":"1L"}]', 'https://mall-photo.oss-cn-beijing.aliyuncs.com/%E7%94%B5%E9%A5%AD%E9%94%854.jpg', 1, 6276.00, 1, '2021-05-14 23:01:12', '2021-05-14 23:09:43');
insert into mallOrder.mall_shopping_cart_item (cart_item_id, user_id, goods_property_id, goods_name, goods_info, goods_cover_img, goods_count, goods_price, is_deleted, create_time, update_time) values (35, 4, 6, '电饭煲家用4L多功能智能大容量迷你电饭锅煮饭官方旗舰店正品', '[{"key":"容量","value":"1L"}]', 'https://mall-photo.oss-cn-beijing.aliyuncs.com/%E7%94%B5%E9%A5%AD%E9%94%854.jpg', 1, 6276.00, 1, '2021-05-14 23:29:33', '2021-05-14 23:30:55');
insert into mallOrder.mall_shopping_cart_item (cart_item_id, user_id, goods_property_id, goods_name, goods_info, goods_cover_img, goods_count, goods_price, is_deleted, create_time, update_time) values (36, 4, 6, '电饭煲家用4L多功能智能大容量迷你电饭锅煮饭官方旗舰店正品', '[{"key":"容量","value":"1L"}]', 'https://mall-photo.oss-cn-beijing.aliyuncs.com/%E7%94%B5%E9%A5%AD%E9%94%854.jpg', 1, 6276.00, 1, '2021-05-14 23:30:24', '2021-05-15 14:48:22');
insert into mallOrder.mall_shopping_cart_item (cart_item_id, user_id, goods_property_id, goods_name, goods_info, goods_cover_img, goods_count, goods_price, is_deleted, create_time, update_time) values (37, 4, 50, '迷你电饭煲1到2人小型家用正品多功能老式智能锅宿舍可蒸煮单', '[{"key":"容量","value":"1L"}]', 'https://mall-photo.oss-cn-beijing.aliyuncs.com/%E7%94%B5%E9%A5%AD%E9%94%855.jpg', 2, 4060.00, 1, '2021-05-15 14:47:45', '2021-05-15 14:48:38');

