insert into mallProduct.mall_category_grand (category_grand_id, category_id, grand_id, create_time, create_user, update_time, update_user) values (1, 24, 1, '2021-03-20 12:02:19', 0, '2021-03-20 12:02:19', 0);
insert into mallProduct.mall_category_grand (category_grand_id, category_id, grand_id, create_time, create_user, update_time, update_user) values (2, 24, 2, '2021-03-20 12:02:19', 0, '2021-03-20 12:02:19', 0);
insert into mallProduct.mall_category_grand (category_grand_id, category_id, grand_id, create_time, create_user, update_time, update_user) values (3, 24, 3, '2021-03-20 12:02:19', 0, '2021-04-12 10:25:21', 0);
insert into mallProduct.mall_category_grand (category_grand_id, category_id, grand_id, create_time, create_user, update_time, update_user) values (4, 24, 4, '2021-03-20 12:02:19', 0, '2021-04-12 10:25:21', 0);
insert into mallProduct.mall_category_grand (category_grand_id, category_id, grand_id, create_time, create_user, update_time, update_user) values (5, 24, 5, '2021-03-20 12:02:19', 0, '2021-04-12 10:25:21', 0);
insert into mallProduct.mall_category_grand (category_grand_id, category_id, grand_id, create_time, create_user, update_time, update_user) values (6, 24, 6, '2021-03-20 12:02:19', 0, '2021-04-12 10:25:21', 0);
insert into mallProduct.mall_category_grand (category_grand_id, category_id, grand_id, create_time, create_user, update_time, update_user) values (7, 24, 7, '2021-03-20 12:02:19', 0, '2021-04-12 10:25:21', 0);
insert into mallProduct.mall_category_grand (category_grand_id, category_id, grand_id, create_time, create_user, update_time, update_user) values (8, 24, 8, '2021-03-20 12:02:19', 0, '2021-04-12 10:25:21', 0);
insert into mallProduct.mall_category_grand (category_grand_id, category_id, grand_id, create_time, create_user, update_time, update_user) values (10, 25, 1, '2021-04-12 10:20:33', 0, '2021-04-12 10:25:21', 0);
insert into mallProduct.mall_category_grand (category_grand_id, category_id, grand_id, create_time, create_user, update_time, update_user) values (11, 25, 2, '2021-04-12 10:20:33', 0, '2021-04-12 10:25:21', 0);
insert into mallProduct.mall_category_grand (category_grand_id, category_id, grand_id, create_time, create_user, update_time, update_user) values (12, 25, 3, '2021-04-12 10:20:33', 0, '2021-04-12 10:25:21', 0);
insert into mallProduct.mall_category_grand (category_grand_id, category_id, grand_id, create_time, create_user, update_time, update_user) values (13, 25, 4, '2021-04-12 10:20:33', 0, '2021-04-12 10:25:21', 0);
insert into mallProduct.mall_category_grand (category_grand_id, category_id, grand_id, create_time, create_user, update_time, update_user) values (14, 25, 5, '2021-04-12 10:20:33', 0, '2021-04-12 10:25:21', 0);
insert into mallProduct.mall_category_grand (category_grand_id, category_id, grand_id, create_time, create_user, update_time, update_user) values (15, 28, 4, '2021-04-12 10:25:21', 0, '2021-04-12 10:25:21', 0);
insert into mallProduct.mall_category_grand (category_grand_id, category_id, grand_id, create_time, create_user, update_time, update_user) values (16, 28, 5, '2021-04-12 10:25:21', 0, '2021-04-12 10:25:21', 0);
insert into mallProduct.mall_category_grand (category_grand_id, category_id, grand_id, create_time, create_user, update_time, update_user) values (17, 28, 6, '2021-04-12 10:25:21', 0, '2021-04-12 10:25:21', 0);
insert into mallProduct.mall_category_grand (category_grand_id, category_id, grand_id, create_time, create_user, update_time, update_user) values (18, 28, 7, '2021-04-12 10:25:21', 0, '2021-04-12 10:25:21', 0);
insert into mallProduct.mall_category_grand (category_grand_id, category_id, grand_id, create_time, create_user, update_time, update_user) values (19, 39, 3, '2021-04-12 10:25:21', 0, '2021-04-12 10:25:21', 0);
insert into mallProduct.mall_category_grand (category_grand_id, category_id, grand_id, create_time, create_user, update_time, update_user) values (20, 39, 4, '2021-04-12 10:25:21', 0, '2021-04-12 10:25:21', 0);
insert into mallProduct.mall_category_grand (category_grand_id, category_id, grand_id, create_time, create_user, update_time, update_user) values (21, 39, 5, '2021-04-12 10:25:21', 0, '2021-04-12 10:25:21', 0);
insert into mallProduct.mall_category_grand (category_grand_id, category_id, grand_id, create_time, create_user, update_time, update_user) values (22, 39, 6, '2021-04-12 10:25:21', 0, '2021-04-12 10:25:21', 0);
insert into mallProduct.mall_category_grand (category_grand_id, category_id, grand_id, create_time, create_user, update_time, update_user) values (23, 40, 2, '2021-04-12 10:25:21', 0, '2021-04-12 10:25:21', 0);
insert into mallProduct.mall_category_grand (category_grand_id, category_id, grand_id, create_time, create_user, update_time, update_user) values (24, 40, 3, '2021-04-12 10:25:21', 0, '2021-04-12 10:25:21', 0);
insert into mallProduct.mall_category_grand (category_grand_id, category_id, grand_id, create_time, create_user, update_time, update_user) values (25, 40, 4, '2021-04-12 10:25:21', 0, '2021-04-12 10:25:21', 0);
insert into mallProduct.mall_category_grand (category_grand_id, category_id, grand_id, create_time, create_user, update_time, update_user) values (26, 41, 2, '2021-04-12 10:25:21', 0, '2021-04-12 10:25:21', 0);
insert into mallProduct.mall_category_grand (category_grand_id, category_id, grand_id, create_time, create_user, update_time, update_user) values (27, 41, 3, '2021-04-12 10:25:21', 0, '2021-04-12 10:25:21', 0);
insert into mallProduct.mall_category_grand (category_grand_id, category_id, grand_id, create_time, create_user, update_time, update_user) values (28, 41, 4, '2021-04-12 10:25:21', 0, '2021-04-12 10:25:21', 0);
insert into mallProduct.mall_category_grand (category_grand_id, category_id, grand_id, create_time, create_user, update_time, update_user) values (29, 41, 5, '2021-04-12 10:25:21', 0, '2021-04-12 10:25:21', 0);
insert into mallProduct.mall_category_grand (category_grand_id, category_id, grand_id, create_time, create_user, update_time, update_user) values (30, 42, 1, '2021-04-12 10:25:21', 0, '2021-04-12 10:25:21', 0);
insert into mallProduct.mall_category_grand (category_grand_id, category_id, grand_id, create_time, create_user, update_time, update_user) values (31, 42, 2, '2021-04-12 10:25:21', 0, '2021-04-12 10:25:21', 0);
insert into mallProduct.mall_category_grand (category_grand_id, category_id, grand_id, create_time, create_user, update_time, update_user) values (32, 42, 3, '2021-04-12 10:25:21', 0, '2021-04-12 10:25:21', 0);

insert into mallProduct.mall_category_param (category_param_id, category_id, category_param_name, category_param_value, create_time, create_user, update_time, update_user) values (3, 24, '功能', '控温,定时', '2021-03-20 16:55:17', 0, '2021-03-20 17:19:10', 0);
insert into mallProduct.mall_category_param (category_param_id, category_id, category_param_name, category_param_value, create_time, create_user, update_time, update_user) values (4, 24, '控制方式', '机械,触摸,按键', '2021-03-20 16:55:17', 0, '2021-03-20 17:19:10', 0);
insert into mallProduct.mall_category_param (category_param_id, category_id, category_param_name, category_param_value, create_time, create_user, update_time, update_user) values (6, 24, '能效等级', '一级,二级,三级', '2021-04-12 07:57:52', 0, '2021-04-12 07:57:52', 0);
insert into mallProduct.mall_category_param (category_param_id, category_id, category_param_name, category_param_value, create_time, create_user, update_time, update_user) values (7, 25, '材质', '不锈钢,铝合金,生铁', '2021-04-12 08:00:26', 0, '2021-04-12 08:00:26', 0);
insert into mallProduct.mall_category_param (category_param_id, category_id, category_param_name, category_param_value, create_time, create_user, update_time, update_user) values (8, 25, '功能', '保温,定时,预约,不沾,防干烧', '2021-04-12 08:00:26', 0, '2021-04-12 08:00:26', 0);
insert into mallProduct.mall_category_param (category_param_id, category_id, category_param_name, category_param_value, create_time, create_user, update_time, update_user) values (9, 28, '咖啡机类型', '胶囊全自动,美式全自动', '2021-04-12 08:05:33', 0, '2021-04-12 08:05:33', 0);
insert into mallProduct.mall_category_param (category_param_id, category_id, category_param_name, category_param_value, create_time, create_user, update_time, update_user) values (10, 28, '款式', '全自动,半自动', '2021-04-12 08:05:33', 0, '2021-04-12 08:05:33', 0);
insert into mallProduct.mall_category_param (category_param_id, category_id, category_param_name, category_param_value, create_time, create_user, update_time, update_user) values (11, 28, '材质', '不锈钢,合金', '2021-04-12 08:05:33', 0, '2021-04-12 08:05:33', 0);
insert into mallProduct.mall_category_param (category_param_id, category_id, category_param_name, category_param_value, create_time, create_user, update_time, update_user) values (12, 28, '功能', '控温,加热', '2021-04-12 08:05:33', 0, '2021-04-12 08:05:33', 0);
insert into mallProduct.mall_category_param (category_param_id, category_id, category_param_name, category_param_value, create_time, create_user, update_time, update_user) values (13, 39, '电视类型', '全面屏,量子点电视,VR电视,LED电视,OLED电视', '2021-04-12 08:13:43', 0, '2021-04-12 08:13:43', 0);
insert into mallProduct.mall_category_param (category_param_id, category_id, category_param_name, category_param_value, create_time, create_user, update_time, update_user) values (14, 39, '分辨率', '2k高清,4k高清,8k高清,普通高清', '2021-04-12 08:13:43', 0, '2021-04-12 08:13:43', 0);
insert into mallProduct.mall_category_param (category_param_id, category_id, category_param_name, category_param_value, create_time, create_user, update_time, update_user) values (15, 39, '语音遥控类型', '遥控器类型,远场语音 遥控,不支持语音遥控', '2021-04-12 08:13:43', 0, '2021-04-12 08:13:43', 0);
insert into mallProduct.mall_category_param (category_param_id, category_id, category_param_name, category_param_value, create_time, create_user, update_time, update_user) values (16, 40, '能效等级', '一级,二级,三级,四级', '2021-04-12 08:32:58', 0, '2021-04-12 08:32:58', 0);
insert into mallProduct.mall_category_param (category_param_id, category_id, category_param_name, category_param_value, create_time, create_user, update_time, update_user) values (17, 40, '洗衣机类型', '波轮洗衣机,滚筒洗衣机,迷你洗衣机,分区洗洗衣机', '2021-04-12 08:32:58', 0, '2021-04-12 08:32:58', 0);
insert into mallProduct.mall_category_param (category_param_id, category_id, category_param_name, category_param_value, create_time, create_user, update_time, update_user) values (18, 40, '功能', '脱 水,烘干,节能,预约,静音', '2021-04-12 08:32:58', 0, '2021-04-12 08:32:58', 0);
insert into mallProduct.mall_category_param (category_param_id, category_id, category_param_name, category_param_value, create_time, create_user, update_time, update_user) values (19, 41, '能效等级', '一级,二级,三级,四级', '2021-04-12 08:35:46', 0, '2021-04-12 08:35:46', 0);
insert into mallProduct.mall_category_param (category_param_id, category_id, category_param_name, category_param_value, create_time, create_user, update_time, update_user) values (20, 41, '工作方式', '变频,定频', '2021-04-12 08:35:46', 0, '2021-04-12 08:35:46', 0);
insert into mallProduct.mall_category_param (category_param_id, category_id, category_param_name, category_param_value, create_time, create_user, update_time, update_user) values (21, 41, '空调种类', '壁挂,柜机,窗机', '2021-04-12 08:35:46', 0, '2021-04-12 08:35:46', 0);
insert into mallProduct.mall_category_param (category_param_id, category_id, category_param_name, category_param_value, create_time, create_user, update_time, update_user) values (22, 41, '功能', '定时,净化空气', '2021-04-12 08:35:46', 0, '2021-04-12 08:35:46', 0);
insert into mallProduct.mall_category_param (category_param_id, category_id, category_param_name, category_param_value, create_time, create_user, update_time, update_user) values (23, 42, '能效等级', '一级,二级', '2021-04-12 08:38:03', 0, '2021-04-12 08:38:03', 0);
insert into mallProduct.mall_category_param (category_param_id, category_id, category_param_name, category_param_value, create_time, create_user, update_time, update_user) values (24, 42, '烘干方式', '热泵,直排,冷凝', '2021-04-12 08:38:03', 0, '2021-04-12 08:38:03', 0);
insert into mallProduct.mall_category_param (category_param_id, category_id, category_param_name, category_param_value, create_time, create_user, update_time, update_user) values (25, 42, '控制方式', '微电脑,机械,触摸,遥控', '2021-04-12 08:38:03', 0, '2021-04-12 08:38:03', 0);

insert into mallProduct.mall_category_property (category_property_id, category_id, category_param_name, create_time, update_time) values (2, 24, '容量', '2021-03-20 17:28:20', '2021-03-20 17:28:20');
insert into mallProduct.mall_category_property (category_property_id, category_id, category_param_name, create_time, update_time) values (3, 25, '容量', '2021-04-12 10:12:39', '2021-04-12 10:12:39');
insert into mallProduct.mall_category_property (category_property_id, category_id, category_param_name, create_time, update_time) values (4, 28, '容量', '2021-04-12 10:12:39', '2021-04-12 10:12:39');
insert into mallProduct.mall_category_property (category_property_id, category_id, category_param_name, create_time, update_time) values (5, 39, '容量', '2021-04-12 10:12:39', '2021-04-12 10:12:39');
insert into mallProduct.mall_category_property (category_property_id, category_id, category_param_name, create_time, update_time) values (6, 40, '容量', '2021-04-12 10:12:39', '2021-04-12 10:12:39');
insert into mallProduct.mall_category_property (category_property_id, category_id, category_param_name, create_time, update_time) values (7, 41, '容量', '2021-04-12 10:12:39', '2021-04-12 10:12:39');
insert into mallProduct.mall_category_property (category_property_id, category_id, category_param_name, create_time, update_time) values (8, 42, '容量', '2021-04-12 10:12:39', '2021-04-12 10:12:39');

insert into mallProduct.mall_goods_category (category_id, category_level, parent_id, category_name, category_rank, is_deleted, create_time, create_user, update_time, update_user, category_pic) values (17, 1, 0, '厨房小家电', 9, 0, '2019-09-11 18:46:43', 0, '2021-04-01 21:59:35', 0, 'http://mall-photo.oss-cn-beijing.aliyuncs.com/hxG8kW_1617285555214.png');
insert into mallProduct.mall_goods_category (category_id, category_level, parent_id, category_name, category_rank, is_deleted, create_time, create_user, update_time, update_user, category_pic) values (18, 1, 0, '生活家电', 8, 0, '2019-09-11 18:46:52', 0, '2021-04-01 22:00:20', 0, 'http://mall-photo.oss-cn-beijing.aliyuncs.com/QnyDkE_1617285615347.png');
insert into mallProduct.mall_goods_category (category_id, category_level, parent_id, category_name, category_rank, is_deleted, create_time, create_user, update_time, update_user, category_pic) values (19, 1, 0, '个护家电', 7, 0, '2019-09-11 18:47:38', 0, '2021-04-01 22:00:54', 0, 'http://mall-photo.oss-cn-beijing.aliyuncs.com/H8taGd_1617285650169.png');
insert into mallProduct.mall_goods_category (category_id, category_level, parent_id, category_name, category_rank, is_deleted, create_time, create_user, update_time, update_user, category_pic) values (20, 1, 0, '大家电', 6, 0, '2019-09-11 18:47:49', 0, '2021-04-01 22:01:29', 0, 'http://mall-photo.oss-cn-beijing.aliyuncs.com/E1CFKB_1617285685743.png');
insert into mallProduct.mall_goods_category (category_id, category_level, parent_id, category_name, category_rank, is_deleted, create_time, create_user, update_time, update_user, category_pic) values (21, 1, 0, '厨房大店', 5, 0, '2019-09-11 18:47:58', 0, '2021-04-01 22:01:53', 0, 'http://mall-photo.oss-cn-beijing.aliyuncs.com/P7iXhW_1617285710106.png');
insert into mallProduct.mall_goods_category (category_id, category_level, parent_id, category_name, category_rank, is_deleted, create_time, create_user, update_time, update_user, category_pic) values (22, 1, 0, '家电服务', 4, 0, '2019-09-11 18:48:06', 0, '2021-04-28 16:10:14', 0, 'https://mall-photo.oss-cn-beijing.aliyuncs.com/%E5%AE%B6%E7%94%A8%E7%94%B5%E5%99%A8.png');
insert into mallProduct.mall_goods_category (category_id, category_level, parent_id, category_name, category_rank, is_deleted, create_time, create_user, update_time, update_user, category_pic) values (24, 2, 17, '电饭煲', 9, 0, '2019-09-11 18:48:12', 0, '2021-04-01 22:05:57', 0, 'http://mall-photo.oss-cn-beijing.aliyuncs.com/xRjApx_1617285953761.png');
insert into mallProduct.mall_goods_category (category_id, category_level, parent_id, category_name, category_rank, is_deleted, create_time, create_user, update_time, update_user, category_pic) values (25, 2, 17, '电火锅', 0, 0, '2019-09-11 18:48:26', 0, '2021-04-01 22:06:39', 0, 'http://mall-photo.oss-cn-beijing.aliyuncs.com/SDcmx7_1617285996278.png');
insert into mallProduct.mall_goods_category (category_id, category_level, parent_id, category_name, category_rank, is_deleted, create_time, create_user, update_time, update_user, category_pic) values (26, 2, 17, '烤饼机', 0, 0, '2019-09-11 18:48:40', 0, '2021-04-01 22:07:06', 0, 'http://mall-photo.oss-cn-beijing.aliyuncs.com/8RyKZ3_1617286022695.png');
insert into mallProduct.mall_goods_category (category_id, category_level, parent_id, category_name, category_rank, is_deleted, create_time, create_user, update_time, update_user, category_pic) values (27, 2, 17, '搅拌机', 0, 0, '2019-09-11 18:48:50', 0, '2021-04-01 22:07:29', 0, 'http://mall-photo.oss-cn-beijing.aliyuncs.com/RQnc87_1617286045559.png');
insert into mallProduct.mall_goods_category (category_id, category_level, parent_id, category_name, category_rank, is_deleted, create_time, create_user, update_time, update_user, category_pic) values (28, 2, 17, '咖啡机', 0, 0, '2019-09-11 18:48:57', 0, '2021-04-01 22:08:27', 0, 'http://mall-photo.oss-cn-beijing.aliyuncs.com/wBxThB_1617286097023.png');
insert into mallProduct.mall_goods_category (category_id, category_level, parent_id, category_name, category_rank, is_deleted, create_time, create_user, update_time, update_user, category_pic) values (29, 2, 18, '取暖器', 0, 0, '2019-09-11 18:49:50', 0, '2021-04-12 10:30:59', 0, 'http://mall-photo.oss-cn-beijing.aliyuncs.com/P7iXhW_1617285710106.png');
insert into mallProduct.mall_goods_category (category_id, category_level, parent_id, category_name, category_rank, is_deleted, create_time, create_user, update_time, update_user, category_pic) values (30, 2, 18, '热水器', 0, 0, '2019-09-11 18:49:55', 0, '2021-04-12 10:30:59', 0, 'http://mall-photo.oss-cn-beijing.aliyuncs.com/P7iXhW_1617285710106.png');
insert into mallProduct.mall_goods_category (category_id, category_level, parent_id, category_name, category_rank, is_deleted, create_time, create_user, update_time, update_user, category_pic) values (31, 2, 18, '吸尘器', 0, 0, '2019-09-11 18:50:08', 0, '2021-04-12 10:30:59', 0, 'http://mall-photo.oss-cn-beijing.aliyuncs.com/P7iXhW_1617285710106.png');
insert into mallProduct.mall_goods_category (category_id, category_level, parent_id, category_name, category_rank, is_deleted, create_time, create_user, update_time, update_user, category_pic) values (32, 2, 18, '电扇', 0, 0, '2019-09-11 18:50:24', 0, '2021-04-12 10:30:59', 0, 'http://mall-photo.oss-cn-beijing.aliyuncs.com/P7iXhW_1617285710106.png');
insert into mallProduct.mall_goods_category (category_id, category_level, parent_id, category_name, category_rank, is_deleted, create_time, create_user, update_time, update_user, category_pic) values (33, 2, 18, '空气净化器', 0, 0, '2019-09-11 18:50:36', 0, '2021-04-12 10:30:59', 0, 'http://mall-photo.oss-cn-beijing.aliyuncs.com/P7iXhW_1617285710106.png');
insert into mallProduct.mall_goods_category (category_id, category_level, parent_id, category_name, category_rank, is_deleted, create_time, create_user, update_time, update_user, category_pic) values (34, 2, 19, '电吹机', 0, 0, '2019-09-11 18:53:49', 0, '2021-04-12 10:30:59', 0, 'http://mall-photo.oss-cn-beijing.aliyuncs.com/P7iXhW_1617285710106.png');
insert into mallProduct.mall_goods_category (category_id, category_level, parent_id, category_name, category_rank, is_deleted, create_time, create_user, update_time, update_user, category_pic) values (35, 2, 19, '理发器', 0, 0, '2019-09-11 18:53:59', 0, '2021-04-12 10:30:59', 0, 'http://mall-photo.oss-cn-beijing.aliyuncs.com/P7iXhW_1617285710106.png');
insert into mallProduct.mall_goods_category (category_id, category_level, parent_id, category_name, category_rank, is_deleted, create_time, create_user, update_time, update_user, category_pic) values (36, 2, 19, '足浴足疗', 0, 0, '2019-09-11 18:54:20', 0, '2021-04-12 10:30:59', 0, 'http://mall-photo.oss-cn-beijing.aliyuncs.com/P7iXhW_1617285710106.png');
insert into mallProduct.mall_goods_category (category_id, category_level, parent_id, category_name, category_rank, is_deleted, create_time, create_user, update_time, update_user, category_pic) values (37, 2, 19, '美发器', 0, 0, '2019-09-11 18:54:49', 0, '2021-04-12 10:31:10', 0, 'http://mall-photo.oss-cn-beijing.aliyuncs.com/P7iXhW_1617285710106.png');
insert into mallProduct.mall_goods_category (category_id, category_level, parent_id, category_name, category_rank, is_deleted, create_time, create_user, update_time, update_user, category_pic) values (38, 2, 19, '按摩椅', 0, 0, '2019-09-11 18:55:03', 0, '2021-04-12 10:31:10', 0, 'http://mall-photo.oss-cn-beijing.aliyuncs.com/P7iXhW_1617285710106.png');
insert into mallProduct.mall_goods_category (category_id, category_level, parent_id, category_name, category_rank, is_deleted, create_time, create_user, update_time, update_user, category_pic) values (39, 2, 20, '电视机', 0, 0, '2019-09-11 18:55:22', 0, '2021-04-12 10:31:10', 0, 'http://mall-photo.oss-cn-beijing.aliyuncs.com/P7iXhW_1617285710106.png');
insert into mallProduct.mall_goods_category (category_id, category_level, parent_id, category_name, category_rank, is_deleted, create_time, create_user, update_time, update_user, category_pic) values (40, 2, 20, '洗衣机', 0, 0, '2019-09-11 18:55:32', 0, '2021-04-12 10:31:10', 0, 'http://mall-photo.oss-cn-beijing.aliyuncs.com/P7iXhW_1617285710106.png');
insert into mallProduct.mall_goods_category (category_id, category_level, parent_id, category_name, category_rank, is_deleted, create_time, create_user, update_time, update_user, category_pic) values (41, 2, 20, '空调', 0, 0, '2019-09-11 18:55:52', 0, '2021-04-12 10:31:10', 0, 'http://mall-photo.oss-cn-beijing.aliyuncs.com/P7iXhW_1617285710106.png');
insert into mallProduct.mall_goods_category (category_id, category_level, parent_id, category_name, category_rank, is_deleted, create_time, create_user, update_time, update_user, category_pic) values (42, 2, 20, '烘干机', 0, 0, '2019-09-11 18:55:58', 0, '2021-04-12 10:31:10', 0, 'http://mall-photo.oss-cn-beijing.aliyuncs.com/P7iXhW_1617285710106.png');
insert into mallProduct.mall_goods_category (category_id, category_level, parent_id, category_name, category_rank, is_deleted, create_time, create_user, update_time, update_user, category_pic) values (43, 2, 20, '电脑', 0, 0, '2019-09-11 18:56:06', 0, '2021-04-12 10:31:17', 0, 'http://mall-photo.oss-cn-beijing.aliyuncs.com/P7iXhW_1617285710106.png');
insert into mallProduct.mall_goods_category (category_id, category_level, parent_id, category_name, category_rank, is_deleted, create_time, create_user, update_time, update_user, category_pic) values (44, 2, 21, '冰箱冷柜', 0, 0, '2019-09-11 18:56:12', 0, '2021-04-12 10:31:17', 0, 'http://mall-photo.oss-cn-beijing.aliyuncs.com/P7iXhW_1617285710106.png');
insert into mallProduct.mall_goods_category (category_id, category_level, parent_id, category_name, category_rank, is_deleted, create_time, create_user, update_time, update_user, category_pic) values (45, 2, 21, '燃气 灶', 0, 0, '2019-09-11 18:56:37', 0, '2021-04-12 10:31:17', 0, 'http://mall-photo.oss-cn-beijing.aliyuncs.com/P7iXhW_1617285710106.png');
insert into mallProduct.mall_goods_category (category_id, category_level, parent_id, category_name, category_rank, is_deleted, create_time, create_user, update_time, update_user, category_pic) values (46, 2, 21, '油烟机', 0, 0, '2019-09-11 18:56:49', 0, '2021-04-12 10:31:17', 0, 'http://mall-photo.oss-cn-beijing.aliyuncs.com/P7iXhW_1617285710106.png');
insert into mallProduct.mall_goods_category (category_id, category_level, parent_id, category_name, category_rank, is_deleted, create_time, create_user, update_time, update_user, category_pic) values (47, 2, 21, '洗碗机', 0, 0, '2019-09-11 18:57:01', 0, '2021-04-12 10:31:17', 0, 'http://mall-photo.oss-cn-beijing.aliyuncs.com/P7iXhW_1617285710106.png');
insert into mallProduct.mall_goods_category (category_id, category_level, parent_id, category_name, category_rank, is_deleted, create_time, create_user, update_time, update_user, category_pic) values (48, 2, 21, '消毒柜', 0, 0, '2019-11-28 20:24:58', 0, '2021-04-12 10:31:17', 0, 'http://mall-photo.oss-cn-beijing.aliyuncs.com/P7iXhW_1617285710106.png');
insert into mallProduct.mall_goods_category (category_id, category_level, parent_id, category_name, category_rank, is_deleted, create_time, create_user, update_time, update_user, category_pic) values (49, 2, 22, '洗衣机清洗', 0, 0, '2019-11-28 20:25:16', 0, '2021-04-12 10:31:17', 0, 'http://mall-photo.oss-cn-beijing.aliyuncs.com/P7iXhW_1617285710106.png');

insert into mallProduct.mall_goods_grand (goods_grand_id, goods_id, grand_id, create_time, create_user, update_time, update_user) values (1, 3, 6, '2021-03-23 00:40:54', 1, '2021-03-23 00:40:54', 1);
insert into mallProduct.mall_goods_grand (goods_grand_id, goods_id, grand_id, create_time, create_user, update_time, update_user) values (2, 4, 7, '2021-04-12 14:31:52', 1, '2021-05-13 15:29:14', 0);
insert into mallProduct.mall_goods_grand (goods_grand_id, goods_id, grand_id, create_time, create_user, update_time, update_user) values (3, 5, 1, '2021-04-12 14:31:52', 1, '2021-05-13 15:29:14', 0);
insert into mallProduct.mall_goods_grand (goods_grand_id, goods_id, grand_id, create_time, create_user, update_time, update_user) values (4, 6, 4, '2021-04-12 14:31:52', 1, '2021-05-13 15:29:14', 0);
insert into mallProduct.mall_goods_grand (goods_grand_id, goods_id, grand_id, create_time, create_user, update_time, update_user) values (5, 7, 1, '2021-04-12 14:31:52', 1, '2021-05-13 15:29:14', 0);
insert into mallProduct.mall_goods_grand (goods_grand_id, goods_id, grand_id, create_time, create_user, update_time, update_user) values (6, 8, 6, '2021-04-12 14:31:52', 1, '2021-05-13 15:29:14', 0);
insert into mallProduct.mall_goods_grand (goods_grand_id, goods_id, grand_id, create_time, create_user, update_time, update_user) values (7, 9, 2, '2021-04-12 14:31:52', 1, '2021-05-13 15:29:14', 0);
insert into mallProduct.mall_goods_grand (goods_grand_id, goods_id, grand_id, create_time, create_user, update_time, update_user) values (8, 10, 8, '2021-04-12 14:31:52', 1, '2021-05-13 15:29:15', 0);
insert into mallProduct.mall_goods_grand (goods_grand_id, goods_id, grand_id, create_time, create_user, update_time, update_user) values (9, 11, 4, '2021-04-12 14:31:52', 1, '2021-05-13 15:29:15', 0);
insert into mallProduct.mall_goods_grand (goods_grand_id, goods_id, grand_id, create_time, create_user, update_time, update_user) values (10, 12, 3, '2021-04-12 14:31:52', 1, '2021-05-13 15:29:15', 0);
insert into mallProduct.mall_goods_grand (goods_grand_id, goods_id, grand_id, create_time, create_user, update_time, update_user) values (11, 13, 2, '2021-04-12 14:31:52', 1, '2021-05-13 15:29:15', 0);
insert into mallProduct.mall_goods_grand (goods_grand_id, goods_id, grand_id, create_time, create_user, update_time, update_user) values (12, 14, 6, '2021-04-12 14:31:52', 1, '2021-05-13 15:29:14', 0);
insert into mallProduct.mall_goods_grand (goods_grand_id, goods_id, grand_id, create_time, create_user, update_time, update_user) values (13, 15, 4, '2021-04-12 14:31:52', 1, '2021-05-13 15:29:14', 0);
insert into mallProduct.mall_goods_grand (goods_grand_id, goods_id, grand_id, create_time, create_user, update_time, update_user) values (14, 16, 4, '2021-04-12 14:31:52', 1, '2021-05-13 15:29:14', 0);
insert into mallProduct.mall_goods_grand (goods_grand_id, goods_id, grand_id, create_time, create_user, update_time, update_user) values (15, 17, 6, '2021-04-12 14:31:52', 1, '2021-05-13 15:29:14', 0);
insert into mallProduct.mall_goods_grand (goods_grand_id, goods_id, grand_id, create_time, create_user, update_time, update_user) values (16, 18, 4, '2021-04-12 14:31:52', 1, '2021-05-13 15:29:15', 0);
insert into mallProduct.mall_goods_grand (goods_grand_id, goods_id, grand_id, create_time, create_user, update_time, update_user) values (17, 19, 4, '2021-04-12 14:31:52', 1, '2021-05-13 15:29:15', 0);
insert into mallProduct.mall_goods_grand (goods_grand_id, goods_id, grand_id, create_time, create_user, update_time, update_user) values (18, 20, 7, '2021-04-12 14:31:52', 1, '2021-05-13 15:29:15', 0);
insert into mallProduct.mall_goods_grand (goods_grand_id, goods_id, grand_id, create_time, create_user, update_time, update_user) values (19, 21, 8, '2021-04-12 14:31:52', 1, '2021-05-13 15:29:15', 0);
insert into mallProduct.mall_goods_grand (goods_grand_id, goods_id, grand_id, create_time, create_user, update_time, update_user) values (20, 22, 4, '2021-04-12 14:31:52', 1, '2021-05-13 15:29:15', 0);
insert into mallProduct.mall_goods_grand (goods_grand_id, goods_id, grand_id, create_time, create_user, update_time, update_user) values (21, 23, 6, '2021-04-12 14:31:52', 1, '2021-05-13 15:29:15', 0);
insert into mallProduct.mall_goods_grand (goods_grand_id, goods_id, grand_id, create_time, create_user, update_time, update_user) values (22, 24, 7, '2021-04-12 14:31:52', 1, '2021-05-13 15:29:15', 0);
insert into mallProduct.mall_goods_grand (goods_grand_id, goods_id, grand_id, create_time, create_user, update_time, update_user) values (23, 25, 8, '2021-04-12 14:31:53', 1, '2021-05-13 15:29:15', 0);
insert into mallProduct.mall_goods_grand (goods_grand_id, goods_id, grand_id, create_time, create_user, update_time, update_user) values (24, 26, 1, '2021-04-12 14:31:53', 1, '2021-05-13 15:29:15', 0);
insert into mallProduct.mall_goods_grand (goods_grand_id, goods_id, grand_id, create_time, create_user, update_time, update_user) values (25, 27, 3, '2021-04-12 14:31:53', 1, '2021-05-13 15:29:15', 0);
insert into mallProduct.mall_goods_grand (goods_grand_id, goods_id, grand_id, create_time, create_user, update_time, update_user) values (26, 28, 2, '2021-04-12 14:31:53', 1, '2021-05-13 15:29:14', 0);
insert into mallProduct.mall_goods_grand (goods_grand_id, goods_id, grand_id, create_time, create_user, update_time, update_user) values (27, 29, 7, '2021-04-12 14:31:53', 1, '2021-05-13 15:29:14', 0);
insert into mallProduct.mall_goods_grand (goods_grand_id, goods_id, grand_id, create_time, create_user, update_time, update_user) values (28, 30, 6, '2021-04-12 14:31:53', 1, '2021-05-13 15:29:15', 0);
insert into mallProduct.mall_goods_grand (goods_grand_id, goods_id, grand_id, create_time, create_user, update_time, update_user) values (29, 31, 2, '2021-04-12 14:31:53', 1, '2021-05-13 15:29:15', 0);
insert into mallProduct.mall_goods_grand (goods_grand_id, goods_id, grand_id, create_time, create_user, update_time, update_user) values (30, 32, 3, '2021-04-12 14:31:53', 1, '2021-05-13 15:29:15', 0);
insert into mallProduct.mall_goods_grand (goods_grand_id, goods_id, grand_id, create_time, create_user, update_time, update_user) values (31, 33, 7, '2021-04-12 14:31:53', 1, '2021-05-13 15:29:15', 0);
insert into mallProduct.mall_goods_grand (goods_grand_id, goods_id, grand_id, create_time, create_user, update_time, update_user) values (32, 34, 8, '2021-04-12 14:31:53', 1, '2021-05-13 15:29:15', 0);
insert into mallProduct.mall_goods_grand (goods_grand_id, goods_id, grand_id, create_time, create_user, update_time, update_user) values (33, 35, 7, '2021-04-12 14:31:53', 1, '2021-05-13 15:29:15', 0);
insert into mallProduct.mall_goods_grand (goods_grand_id, goods_id, grand_id, create_time, create_user, update_time, update_user) values (34, 36, 1, '2021-04-12 14:31:53', 1, '2021-05-13 15:29:15', 0);
insert into mallProduct.mall_goods_grand (goods_grand_id, goods_id, grand_id, create_time, create_user, update_time, update_user) values (35, 37, 5, '2021-04-12 14:31:53', 1, '2021-05-13 15:29:15', 0);
insert into mallProduct.mall_goods_grand (goods_grand_id, goods_id, grand_id, create_time, create_user, update_time, update_user) values (36, 38, 6, '2021-04-12 14:31:53', 1, '2021-05-13 15:29:15', 0);
insert into mallProduct.mall_goods_grand (goods_grand_id, goods_id, grand_id, create_time, create_user, update_time, update_user) values (37, 39, 3, '2021-04-12 14:31:53', 1, '2021-05-13 15:29:15', 0);
insert into mallProduct.mall_goods_grand (goods_grand_id, goods_id, grand_id, create_time, create_user, update_time, update_user) values (38, 40, 2, '2021-04-12 14:31:53', 1, '2021-05-13 15:29:15', 0);
insert into mallProduct.mall_goods_grand (goods_grand_id, goods_id, grand_id, create_time, create_user, update_time, update_user) values (39, 41, 6, '2021-04-12 14:31:53', 1, '2021-05-13 15:29:15', 0);
insert into mallProduct.mall_goods_grand (goods_grand_id, goods_id, grand_id, create_time, create_user, update_time, update_user) values (40, 42, 2, '2021-04-12 14:31:53', 1, '2021-05-13 15:29:15', 0);
insert into mallProduct.mall_goods_grand (goods_grand_id, goods_id, grand_id, create_time, create_user, update_time, update_user) values (41, 43, 3, '2021-04-12 14:31:53', 1, '2021-05-13 15:29:15', 0);
insert into mallProduct.mall_goods_grand (goods_grand_id, goods_id, grand_id, create_time, create_user, update_time, update_user) values (42, 44, 3, '2021-04-12 14:31:53', 1, '2021-05-13 15:29:15', 0);
insert into mallProduct.mall_goods_grand (goods_grand_id, goods_id, grand_id, create_time, create_user, update_time, update_user) values (43, 45, 1, '2021-04-12 14:31:53', 1, '2021-05-13 15:29:15', 0);
insert into mallProduct.mall_goods_grand (goods_grand_id, goods_id, grand_id, create_time, create_user, update_time, update_user) values (44, 46, 4, '2021-04-12 14:31:54', 1, '2021-05-13 15:29:15', 0);
insert into mallProduct.mall_goods_grand (goods_grand_id, goods_id, grand_id, create_time, create_user, update_time, update_user) values (45, 47, 6, '2021-04-12 14:31:54', 1, '2021-05-13 15:29:15', 0);
insert into mallProduct.mall_goods_grand (goods_grand_id, goods_id, grand_id, create_time, create_user, update_time, update_user) values (46, 48, 6, '2021-04-12 14:31:54', 1, '2021-05-13 15:29:15', 0);
insert into mallProduct.mall_goods_grand (goods_grand_id, goods_id, grand_id, create_time, create_user, update_time, update_user) values (47, 49, 3, '2021-04-12 14:31:54', 1, '2021-05-13 15:29:15', 0);
insert into mallProduct.mall_goods_grand (goods_grand_id, goods_id, grand_id, create_time, create_user, update_time, update_user) values (48, 50, 4, '2021-04-12 14:31:54', 1, '2021-05-13 15:29:15', 0);
insert into mallProduct.mall_goods_grand (goods_grand_id, goods_id, grand_id, create_time, create_user, update_time, update_user) values (49, 51, 1, '2021-04-12 14:31:54', 1, '2021-05-13 15:29:15', 0);
insert into mallProduct.mall_goods_grand (goods_grand_id, goods_id, grand_id, create_time, create_user, update_time, update_user) values (50, 52, 2, '2021-04-12 14:31:54', 1, '2021-05-13 15:29:15', 0);
insert into mallProduct.mall_goods_grand (goods_grand_id, goods_id, grand_id, create_time, create_user, update_time, update_user) values (51, 53, 3, '2021-04-12 14:31:54', 1, '2021-05-13 15:29:15', 0);
insert into mallProduct.mall_goods_grand (goods_grand_id, goods_id, grand_id, create_time, create_user, update_time, update_user) values (53, 55, 2, '2021-05-11 19:00:18', 1, '2021-05-11 19:00:18', 1);
insert into mallProduct.mall_goods_grand (goods_grand_id, goods_id, grand_id, create_time, create_user, update_time, update_user) values (54, 56, 2, '2021-05-11 19:00:31', 1, '2021-05-11 19:00:31', 1);

insert into mallProduct.mall_goods_info (goods_id, goods_name, goods_category_id, goods_cover_img, goods_carousel, goods_detail_content, original_price, selling_price, stock_num, selled_stock_num, tag, goods_sell_status, create_user, create_time, update_user, update_time) values (3, '热卖电饭锅', 24, 'http://mall-photo.oss-cn-beijing.aliyuncs.com/dianfangguo1.jpg', '', '暂无', 100.00, 100.00, 394, 66, '', 0, 1, '2021-03-23 00:40:54', 1, '2021-05-15 14:52:14');
insert into mallProduct.mall_goods_info (goods_id, goods_name, goods_category_id, goods_cover_img, goods_carousel, goods_detail_content, original_price, selling_price, stock_num, selled_stock_num, tag, goods_sell_status, create_user, create_time, update_user, update_time) values (4, '出口迷你电饭煲小1人2家用小型电饭锅多功能单人一人食升l', 24, 'https://mall-photo.oss-cn-beijing.aliyuncs.com/%E7%94%B5%E9%A5%AD%E9%94%851.jpg', '/admin/dist/img/no-img.png', '仰', 5418.00, 5618.00, 6058, 110, '', 0, 0, '2021-04-12 14:03:48', 0, '2021-04-28 16:29:30');
insert into mallProduct.mall_goods_info (goods_id, goods_name, goods_category_id, goods_cover_img, goods_carousel, goods_detail_content, original_price, selling_price, stock_num, selled_stock_num, tag, goods_sell_status, create_user, create_time, update_user, update_time) values (5, '电饭煲家用智能多功能预约迷你小电饭锅单人小型宿舍1-2人', 24, 'https://mall-photo.oss-cn-beijing.aliyuncs.com/%E7%94%B5%E9%A5%AD%E9%94%852.jpg', '/admin/dist/img/no-img.png', '戎', 3959.00, 4159.00, 6746, 463, '', 0, 0, '2021-04-12 14:03:49', 0, '2021-04-28 16:29:31');
insert into mallProduct.mall_goods_info (goods_id, goods_name, goods_category_id, goods_cover_img, goods_carousel, goods_detail_content, original_price, selling_price, stock_num, selled_stock_num, tag, goods_sell_status, create_user, create_time, update_user, update_time) values (6, '电饭煲GDF-20X61C家用多功能粉色智能煮饭锅蛋糕2L小型迷你3', 24, 'https://mall-photo.oss-cn-beijing.aliyuncs.com/%E7%94%B5%E9%A5%AD%E9%94%853.jpg', '/admin/dist/img/no-img.png', '艾', 9275.00, 9475.00, 1684, 172, '', 0, 0, '2021-04-12 14:03:49', 0, '2021-04-28 16:29:31');
insert into mallProduct.mall_goods_info (goods_id, goods_name, goods_category_id, goods_cover_img, goods_carousel, goods_detail_content, original_price, selling_price, stock_num, selled_stock_num, tag, goods_sell_status, create_user, create_time, update_user, update_time) values (7, '电饭煲家用4L多功能智能大容量迷你电饭锅煮饭官方旗舰店正品', 24, 'https://mall-photo.oss-cn-beijing.aliyuncs.com/%E7%94%B5%E9%A5%AD%E9%94%854.jpg', '/admin/dist/img/no-img.png', '养', 1564.00, 1764.00, 9489, 779, '', 0, 0, '2021-04-12 14:03:49', 0, '2021-05-15 14:50:46');
insert into mallProduct.mall_goods_info (goods_id, goods_name, goods_category_id, goods_cover_img, goods_carousel, goods_detail_content, original_price, selling_price, stock_num, selled_stock_num, tag, goods_sell_status, create_user, create_time, update_user, update_time) values (8, '电饭煲家用3L升多功能迷你小型电饭锅1-2人智能4官方旗舰正品', 24, 'https://mall-photo.oss-cn-beijing.aliyuncs.com/%E7%94%B5%E9%A5%AD%E9%94%855.jpg', '/admin/dist/img/no-img.png', '邱', 4865.00, 5065.00, 6114, 387, '', 0, 0, '2021-04-12 14:03:49', 0, '2021-04-28 16:29:30');
insert into mallProduct.mall_goods_info (goods_id, goods_name, goods_category_id, goods_cover_img, goods_carousel, goods_detail_content, original_price, selling_price, stock_num, selled_stock_num, tag, goods_sell_status, create_user, create_time, update_user, update_time) values (9, '智能家用电饭煲4L升电饭锅蛋糕多功能全自动2人正品煮饭E503', 24, 'https://mall-photo.oss-cn-beijing.aliyuncs.com/%E7%94%B5%E9%A5%AD%E9%94%851.jpg', '/admin/dist/img/no-img.png', '高', 8630.00, 8830.00, 2851, 367, '', 0, 0, '2021-04-12 14:03:50', 0, '2021-04-28 16:29:30');
insert into mallProduct.mall_goods_info (goods_id, goods_name, goods_category_id, goods_cover_img, goods_carousel, goods_detail_content, original_price, selling_price, stock_num, selled_stock_num, tag, goods_sell_status, create_user, create_time, update_user, update_time) values (10, ' 电饭煲C1小米电饭煲家用大容量电饭锅3-4人多功能自动', 24, 'https://mall-photo.oss-cn-beijing.aliyuncs.com/%E7%94%B5%E9%A5%AD%E9%94%852.jpg', '/admin/dist/img/no-img.png', '鲍', 3155.00, 3355.00, 1865, 259, '', 0, 0, '2021-04-12 14:03:50', 0, '2021-04-28 16:29:31');
insert into mallProduct.mall_goods_info (goods_id, goods_name, goods_category_id, goods_cover_img, goods_carousel, goods_detail_content, original_price, selling_price, stock_num, selled_stock_num, tag, goods_sell_status, create_user, create_time, update_user, update_time) values (11, '你电饭煲家用小型1人-2人多功能智能电饭锅3-4人官方旗舰店', 24, 'https://mall-photo.oss-cn-beijing.aliyuncs.com/%E7%94%B5%E9%A5%AD%E9%94%853.jpg', '/admin/dist/img/no-img.png', '咸', 8518.00, 8718.00, 6457, 293, '', 0, 0, '2021-04-12 14:03:50', 0, '2021-04-28 16:29:30');
insert into mallProduct.mall_goods_info (goods_id, goods_name, goods_category_id, goods_cover_img, goods_carousel, goods_detail_content, original_price, selling_price, stock_num, selled_stock_num, tag, goods_sell_status, create_user, create_time, update_user, update_time) values (12, '电饭煲5L智能大容量家用3人多功能电饭锅4L正品官方旗舰店', 24, 'https://mall-photo.oss-cn-beijing.aliyuncs.com/%E7%94%B5%E9%A5%AD%E9%94%854.jpg', '/admin/dist/img/no-img.png', '蔡', 1932.00, 2132.00, 2942, 366, '', 0, 0, '2021-04-12 14:03:50', 0, '2021-04-28 16:29:31');
insert into mallProduct.mall_goods_info (goods_id, goods_name, goods_category_id, goods_cover_img, goods_carousel, goods_detail_content, original_price, selling_price, stock_num, selled_stock_num, tag, goods_sell_status, create_user, create_time, update_user, update_time) values (13, '电饭煲智能5L升大容量家用多功能6煮饭锅3官方旗舰店4人正品', 24, 'https://mall-photo.oss-cn-beijing.aliyuncs.com/%E7%94%B5%E9%A5%AD%E9%94%851.jpg', '/admin/dist/img/no-img.png', '咸', 2406.00, 2606.00, 6742, 173, '', 0, 0, '2021-04-12 14:03:50', 0, '2021-04-28 16:29:30');
insert into mallProduct.mall_goods_info (goods_id, goods_name, goods_category_id, goods_cover_img, goods_carousel, goods_detail_content, original_price, selling_price, stock_num, selled_stock_num, tag, goods_sell_status, create_user, create_time, update_user, update_time) values (14, '电饭煲家用3L电饭锅蛋糕小型1-2-3人迷你智能4正品升多功能', 24, 'https://mall-photo.oss-cn-beijing.aliyuncs.com/%E7%94%B5%E9%A5%AD%E9%94%852.jpg', '/admin/dist/img/no-img.png', '伍', 6544.00, 6744.00, 9358, 429, '', 0, 0, '2021-04-12 14:03:50', 0, '2021-04-28 16:29:31');
insert into mallProduct.mall_goods_info (goods_id, goods_name, goods_category_id, goods_cover_img, goods_carousel, goods_detail_content, original_price, selling_price, stock_num, selled_stock_num, tag, goods_sell_status, create_user, create_time, update_user, update_time) values (15, '西哲伊贺烧电饭锅煲土陶瓷内胆智能 家用多功能定时预约', 24, 'https://mall-photo.oss-cn-beijing.aliyuncs.com/%E7%94%B5%E9%A5%AD%E9%94%853.jpg', '/admin/dist/img/no-img.png', '黄', 8636.00, 8836.00, 12013, 706, '', 0, 0, '2021-04-12 14:03:51', 0, '2021-05-14 23:00:49');
insert into mallProduct.mall_goods_info (goods_id, goods_name, goods_category_id, goods_cover_img, goods_carousel, goods_detail_content, original_price, selling_price, stock_num, selled_stock_num, tag, goods_sell_status, create_user, create_time, update_user, update_time) values (16, '电饭煲家用煮电饭锅小型1-2-3人迷你多功能智能官方旗舰店', 24, 'https://mall-photo.oss-cn-beijing.aliyuncs.com/%E7%94%B5%E9%A5%AD%E9%94%855.jpg', '/admin/dist/img/no-img.png', '江', 4866.00, 5066.00, 9898, 401, '', 0, 0, '2021-04-12 14:03:51', 0, '2021-04-28 16:29:30');
insert into mallProduct.mall_goods_info (goods_id, goods_name, goods_category_id, goods_cover_img, goods_carousel, goods_detail_content, original_price, selling_price, stock_num, selled_stock_num, tag, goods_sell_status, create_user, create_time, update_user, update_time) values (17, '电饭煲家用4L电饭锅迷你小型1-2人3智能多功能官方旗舰店正品', 24, 'https://mall-photo.oss-cn-beijing.aliyuncs.com/%E7%94%B5%E9%A5%AD%E9%94%851.jpg', '/admin/dist/img/no-img.png', '姚', 8888.00, 9088.00, 4399, 143, '', 0, 0, '2021-04-12 14:03:51', 0, '2021-04-28 16:29:30');
insert into mallProduct.mall_goods_info (goods_id, goods_name, goods_category_id, goods_cover_img, goods_carousel, goods_detail_content, original_price, selling_price, stock_num, selled_stock_num, tag, goods_sell_status, create_user, create_time, update_user, update_time) values (18, '电饭煲家用4L升多功能智能5电饭锅蒸米饭6大容量官方旗舰店', 24, 'https://mall-photo.oss-cn-beijing.aliyuncs.com/%E7%94%B5%E9%A5%AD%E9%94%852.jpg', '/admin/dist/img/no-img.png', '扈', 3179.00, 3379.00, 3602, 403, '', 0, 0, '2021-04-12 14:03:51', 0, '2021-04-28 16:29:31');
insert into mallProduct.mall_goods_info (goods_id, goods_name, goods_category_id, goods_cover_img, goods_carousel, goods_detail_content, original_price, selling_price, stock_num, selled_stock_num, tag, goods_sell_status, create_user, create_time, update_user, update_time) values (19, '智能电饭煲3L升迷你家用电饭 锅2人小型全自动正品1人-2-3-4人', 24, 'https://mall-photo.oss-cn-beijing.aliyuncs.com/%E7%94%B5%E9%A5%AD%E9%94%853.jpg', '/admin/dist/img/no-img.png', '詹', 4446.00, 4646.00, 6633, 341, '', 0, 0, '2021-04-12 14:03:51', 0, '2021-04-28 16:29:31');
insert into mallProduct.mall_goods_info (goods_id, goods_name, goods_category_id, goods_cover_img, goods_carousel, goods_detail_content, original_price, selling_price, stock_num, selled_stock_num, tag, goods_sell_status, create_user, create_time, update_user, update_time) values (20, '电饭煲家用4L智能球釜大容量多功能电饭锅蛋糕煮饭锅正品', 24, 'https://mall-photo.oss-cn-beijing.aliyuncs.com/%E7%94%B5%E9%A5%AD%E9%94%853.jpg', '/admin/dist/img/no-img.png', '胡', 1212.00, 1412.00, 1966, 141, '', 0, 0, '2021-04-12 14:03:51', 0, '2021-04-28 16:29:31');
insert into mallProduct.mall_goods_info (goods_id, goods_name, goods_category_id, goods_cover_img, goods_carousel, goods_detail_content, original_price, selling_price, stock_num, selled_stock_num, tag, goods_sell_status, create_user, create_time, update_user, update_time) values (21, '电饭煲家用智能迷你1小型2老式3人4L5升多功能汤煮饭两用饭锅', 24, 'https://mall-photo.oss-cn-beijing.aliyuncs.com/%E7%94%B5%E9%A5%AD%E9%94%854.jpg', '/admin/dist/img/no-img.png', '孔', 7351.00, 7551.00, 6769, 118, '', 0, 0, '2021-04-12 14:03:51', 0, '2021-04-28 16:29:31');
insert into mallProduct.mall_goods_info (goods_id, goods_name, goods_category_id, goods_cover_img, goods_carousel, goods_detail_content, original_price, selling_price, stock_num, selled_stock_num, tag, goods_sell_status, create_user, create_time, update_user, update_time) values (22, 'IH电饭煲3L4L 3人家用小型小米智能电饭锅多功能大容量3升4升', 24, 'https://mall-photo.oss-cn-beijing.aliyuncs.com/%E7%94%B5%E9%A5%AD%E9%94%851.jpg', '/admin/dist/img/no-img.png', '景', 2595.00, 2795.00, 8834, 415, '', 0, 0, '2021-04-12 14:03:51', 0, '2021-04-28 16:29:30');
insert into mallProduct.mall_goods_info (goods_id, goods_name, goods_category_id, goods_cover_img, goods_carousel, goods_detail_content, original_price, selling_price, stock_num, selled_stock_num, tag, goods_sell_status, create_user, create_time, update_user, update_time) values (23, '电饭锅大容量10 升15-20人食堂酒店商用老式大电饭煲不粘锅', 24, 'https://mall-photo.oss-cn-beijing.aliyuncs.com/%E7%94%B5%E9%A5%AD%E9%94%852.jpg', '/admin/dist/img/no-img.png', '廉', 8553.00, 8753.00, 9197, 752, '', 0, 0, '2021-04-12 14:03:51', 0, '2021-05-09 17:50:31');
insert into mallProduct.mall_goods_info (goods_id, goods_name, goods_category_id, goods_cover_img, goods_carousel, goods_detail_content, original_price, selling_price, stock_num, selled_stock_num, tag, goods_sell_status, create_user, create_time, update_user, update_time) values (24, '电饭锅大容量食堂商用饭店5L超大型10家用20人老式大电饭煲不粘锅', 24, 'https://mall-photo.oss-cn-beijing.aliyuncs.com/%E7%94%B5%E9%A5%AD%E9%94%853.jpg', '/admin/dist/img/no-img.png', '吉', 3290.00, 3490.00, 6014, 202, '', 0, 0, '2021-04-12 14:03:51', 0, '2021-04-28 16:29:31');
insert into mallProduct.mall_goods_info (goods_id, goods_name, goods_category_id, goods_cover_img, goods_carousel, goods_detail_content, original_price, selling_price, stock_num, selled_stock_num, tag, goods_sell_status, create_user, create_time, update_user, update_time) values (25, '商用大容量18升10升24升40升食堂酒店老式大电饭煲锅', 24, 'https://mall-photo.oss-cn-beijing.aliyuncs.com/%E7%94%B5%E9%A5%AD%E9%94%855.jpg', '/admin/dist/img/no-img.png', '贡', 3875.00, 4075.00, 9207, 325, '', 0, 0, '2021-04-12 14:03:51', 0, '2021-04-28 16:29:31');
insert into mallProduct.mall_goods_info (goods_id, goods_name, goods_category_id, goods_cover_img, goods_carousel, goods_detail_content, original_price, selling_price, stock_num, selled_stock_num, tag, goods_sell_status, create_user, create_time, update_user, update_time) values (26, '智能球釜电饭煲4L大容量电饭锅蛋糕家用全自动多功能煮饭锅', 24, 'https://mall-photo.oss-cn-beijing.aliyuncs.com/%E7%94%B5%E9%A5%AD%E9%94%854.jpg', '/admin/dist/img/no-img.png', '向', 5771.00, 5971.00, 6760, 352, '', 0, 0, '2021-04-12 14:03:51', 0, '2021-04-28 16:29:31');
insert into mallProduct.mall_goods_info (goods_id, goods_name, goods_category_id, goods_cover_img, goods_carousel, goods_detail_content, original_price, selling_price, stock_num, selled_stock_num, tag, goods_sell_status, create_user, create_time, update_user, update_time) values (27, '电饭煲智能5L升大容量家用3多功能饭锅4-5-6-8人官方旗舰店', 24, 'https://mall-photo.oss-cn-beijing.aliyuncs.com/%E7%94%B5%E9%A5%AD%E9%94%851.jpg', '/admin/dist/img/no-img.png', '终', 5576.00, 5776.00, 4377, 345, '', 0, 0, '2021-04-12 14:03:51', 0, '2021-04-28 16:29:30');
insert into mallProduct.mall_goods_info (goods_id, goods_name, goods_category_id, goods_cover_img, goods_carousel, goods_detail_content, original_price, selling_price, stock_num, selled_stock_num, tag, goods_sell_status, create_user, create_time, update_user, update_time) values (28, '电饭煲5L升4智能家用多功能电饭锅大容量6人用 蒸米煮饭正品', 24, 'https://mall-photo.oss-cn-beijing.aliyuncs.com/%E7%94%B5%E9%A5%AD%E9%94%852.jpg', '/admin/dist/img/no-img.png', '武', 5367.00, 5567.00, 5581, 396, '', 0, 0, '2021-04-12 14:03:51', 0, '2021-04-28 16:29:31');
insert into mallProduct.mall_goods_info (goods_id, goods_name, goods_category_id, goods_cover_img, goods_carousel, goods_detail_content, original_price, selling_price, stock_num, selled_stock_num, tag, goods_sell_status, create_user, create_time, update_user, update_time) values (29, '电饭煲家用3L升米饭锅小2人智能4多功能5-6官方旗舰店正品', 24, 'https://mall-photo.oss-cn-beijing.aliyuncs.com/%E7%94%B5%E9%A5%AD%E9%94%853.jpg', '/admin/dist/img/no-img.png', '钭', 1257.00, 1457.00, 9929, 269, '', 0, 0, '2021-04-12 14:03:51', 0, '2021-04-28 16:29:31');
insert into mallProduct.mall_goods_info (goods_id, goods_name, goods_category_id, goods_cover_img, goods_carousel, goods_detail_content, original_price, selling_price, stock_num, selled_stock_num, tag, goods_sell_status, create_user, create_time, update_user, update_time) values (30, '5L升大容量智能电饭煲锅官方旗舰店家用3L多功能4大6个人正品', 24, 'https://mall-photo.oss-cn-beijing.aliyuncs.com/%E7%94%B5%E9%A5%AD%E9%94%855.jpg', '/admin/dist/img/no-img.png', '房', 8701.00, 8901.00, 5096, 213, '', 0, 0, '2021-04-12 14:03:51', 0, '2021-04-28 16:29:31');
insert into mallProduct.mall_goods_info (goods_id, goods_name, goods_category_id, goods_cover_img, goods_carousel, goods_detail_content, original_price, selling_price, stock_num, selled_stock_num, tag, goods_sell_status, create_user, create_time, update_user, update_time) values (31, 'IH球釜电饭煲智能多功能家用5升l电饭锅柴火饭官方旗舰正品', 24, 'https://mall-photo.oss-cn-beijing.aliyuncs.com/%E7%94%B5%E9%A5%AD%E9%94%854.jpg', '/admin/dist/img/no-img.png', '宋', 3370.00, 3570.00, 8930, 229, '', 0, 0, '2021-04-12 14:03:51', 0, '2021-04-28 16:29:31');
insert into mallProduct.mall_goods_info (goods_id, goods_name, goods_category_id, goods_cover_img, goods_carousel, goods_detail_content, original_price, selling_price, stock_num, selled_stock_num, tag, goods_sell_status, create_user, create_time, update_user, update_time) values (32, '电饭煲家用多功能智能电饭锅4升L3人6蒸煮饭5官方旗舰店正品', 24, 'https://mall-photo.oss-cn-beijing.aliyuncs.com/%E7%94%B5%E9%A5%AD%E9%94%851.jpg', '/admin/dist/img/no-img.png', '童', 2043.00, 2243.00, 1085, 134, '', 0, 0, '2021-04-12 14:03:51', 0, '2021-04-28 16:29:31');
insert into mallProduct.mall_goods_info (goods_id, goods_name, goods_category_id, goods_cover_img, goods_carousel, goods_detail_content, original_price, selling_price, stock_num, selled_stock_num, tag, goods_sell_status, create_user, create_time, update_user, update_time) values (33, '电饭煲4L家用智能多功能饭锅5人1大容量2官方旗舰店3正品升', 24, 'https://mall-photo.oss-cn-beijing.aliyuncs.com/%E7%94%B5%E9%A5%AD%E9%94%852.jpg', '/admin/dist/img/no-img.png', '那', 4781.00, 4981.00, 6139, 176, '', 0, 0, '2021-04-12 14:03:51', 0, '2021-04-28 16:29:30');
insert into mallProduct.mall_goods_info (goods_id, goods_name, goods_category_id, goods_cover_img, goods_carousel, goods_detail_content, original_price, selling_price, stock_num, selled_stock_num, tag, goods_sell_status, create_user, create_time, update_user, update_time) values (34, '电饭煲5L升智能家用多功能饭锅3大容量4-8人官方旗舰店正品', 24, 'https://mall-photo.oss-cn-beijing.aliyuncs.com/%E7%94%B5%E9%A5%AD%E9%94%853.jpg', '/admin/dist/img/no-img.png', '司', 2328.00, 2528.00, 8756, 413, '', 0, 0, '2021-04-12 14:03:51', 0, '2021-04-28 16:29:30');
insert into mallProduct.mall_goods_info (goods_id, goods_name, goods_category_id, goods_cover_img, goods_carousel, goods_detail_content, original_price, selling_price, stock_num, selled_stock_num, tag, goods_sell_status, create_user, create_time, update_user, update_time) values (35, '电饭煲家用4L升智能多功能蒸煮粥电饭锅官方旗舰店正品', 24, 'https://mall-photo.oss-cn-beijing.aliyuncs.com/%E7%94%B5%E9%A5%AD%E9%94%855.jpg', '/admin/dist/img/no-img.png', '於', 3523.00, 3723.00, 7531, 430, '', 0, 0, '2021-04-12 14:03:52', 0, '2021-04-28 16:29:31');
insert into mallProduct.mall_goods_info (goods_id, goods_name, goods_category_id, goods_cover_img, goods_carousel, goods_detail_content, original_price, selling_price, stock_num, selled_stock_num, tag, goods_sell_status, create_user, create_time, update_user, update_time) values (36, '电饭煲5L升智能家用多功能饭锅3 大容量4-8人官方旗舰店正品', 24, 'https://mall-photo.oss-cn-beijing.aliyuncs.com/%E7%94%B5%E9%A5%AD%E9%94%854.jpg', '/admin/dist/img/no-img.png', '却', 1867.00, 2067.00, 2226, 253, '', 0, 0, '2021-04-12 14:03:52', 0, '2021-04-28 16:29:30');
insert into mallProduct.mall_goods_info (goods_id, goods_name, goods_category_id, goods_cover_img, goods_carousel, goods_detail_content, original_price, selling_price, stock_num, selled_stock_num, tag, goods_sell_status, create_user, create_time, update_user, update_time) values (37, '食色低糖电饭煲米汤分离4l智能家用多功能去无糖蒸煮沥米饭锅', 24, 'https://mall-photo.oss-cn-beijing.aliyuncs.com/%E7%94%B5%E9%A5%AD%E9%94%851.jpg', '/admin/dist/img/no-img.png', '贺', 3670.00, 3870.00, 7244, 425, '', 0, 0, '2021-04-12 14:03:52', 0, '2021-04-28 16:29:31');
insert into mallProduct.mall_goods_info (goods_id, goods_name, goods_category_id, goods_cover_img, goods_carousel, goods_detail_content, original_price, selling_price, stock_num, selled_stock_num, tag, goods_sell_status, create_user, create_time, update_user, update_time) values (38, '电饭煲家用5L升迷你智能1小型2老式4个人3多功能一汤煮饭两用饭锅', 24, 'https://mall-photo.oss-cn-beijing.aliyuncs.com/%E7%94%B5%E9%A5%AD%E9%94%852.jpg', '/admin/dist/img/no-img.png', '莫', 7395.00, 7595.00, 1950, 186, '', 0, 0, '2021-04-12 14:03:52', 0, '2021-04-28 16:29:30');
insert into mallProduct.mall_goods_info (goods_id, goods_name, goods_category_id, goods_cover_img, goods_carousel, goods_detail_content, original_price, selling_price, stock_num, selled_stock_num, tag, goods_sell_status, create_user, create_time, update_user, update_time) values (39, '电饭煲饭锅家用1小型2老式3迷你5L多功能半球4单人一个煮饭蒸米饭', 24, 'https://mall-photo.oss-cn-beijing.aliyuncs.com/%E7%94%B5%E9%A5%AD%E9%94%853.jpg', '/admin/dist/img/no-img.png', '贾', 1886.00, 2086.00, 2100, 404, '', 0, 0, '2021-04-12 14:03:52', 0, '2021-04-28 16:29:31');
insert into mallProduct.mall_goods_info (goods_id, goods_name, goods_category_id, goods_cover_img, goods_carousel, goods_detail_content, original_price, selling_price, stock_num, selled_stock_num, tag, goods_sell_status, create_user, create_time, update_user, update_time) values (40, '电饭煲家用智能迷你小2人电饭锅预约多功能全自动1-2-3-4小型', 24, 'https://mall-photo.oss-cn-beijing.aliyuncs.com/%E7%94%B5%E9%A5%AD%E9%94%854.jpg', '/admin/dist/img/no-img.png', '须', 7809.00, 8009.00, 9237, 113, '', 0, 0, '2021-04-12 14:03:52', 0, '2021-04-28 16:29:30');
insert into mallProduct.mall_goods_info (goods_id, goods_name, goods_category_id, goods_cover_img, goods_carousel, goods_detail_content, original_price, selling_price, stock_num, selled_stock_num, tag, goods_sell_status, create_user, create_time, update_user, update_time) values (41, 'IC-B3501微压ih电饭煲家用德国内胆智能多功 能电饭锅6人3.3L', 24, 'https://mall-photo.oss-cn-beijing.aliyuncs.com/%E7%94%B5%E9%A5%AD%E9%94%855.jpg', '/admin/dist/img/no-img.png', '尹', 2352.00, 2552.00, 2324, 406, '', 0, 0, '2021-04-12 14:03:52', 0, '2021-04-28 16:29:30');
insert into mallProduct.mall_goods_info (goods_id, goods_name, goods_category_id, goods_cover_img, goods_carousel, goods_detail_content, original_price, selling_price, stock_num, selled_stock_num, tag, goods_sell_status, create_user, create_time, update_user, update_time) values (42, '智能家用电饭煲正品多功能3-5L大容量全自动蒸米饭老式电饭锅', 24, 'https://mall-photo.oss-cn-beijing.aliyuncs.com/%E7%94%B5%E9%A5%AD%E9%94%851.jpg', '/admin/dist/img/no-img.png', '龚', 8891.00, 9091.00, 9824, 239, '', 0, 0, '2021-04-12 14:03:52', 0, '2021-04-28 16:29:31');
insert into mallProduct.mall_goods_info (goods_id, goods_name, goods_category_id, goods_cover_img, goods_carousel, goods_detail_content, original_price, selling_price, stock_num, selled_stock_num, tag, goods_sell_status, create_user, create_time, update_user, update_time) values (43, '电饭煲迷你小型1-2一3人食智能家用多功能单人宿舍蒸煮电饭锅', 24, 'https://mall-photo.oss-cn-beijing.aliyuncs.com/%E7%94%B5%E9%A5%AD%E9%94%852.jpg', '/admin/dist/img/no-img.png', '师', 3713.00, 3913.00, 9453, 368, '', 0, 0, '2021-04-12 14:03:52', 0, '2021-04-28 16:29:31');
insert into mallProduct.mall_goods_info (goods_id, goods_name, goods_category_id, goods_cover_img, goods_carousel, goods_detail_content, original_price, selling_price, stock_num, selled_stock_num, tag, goods_sell_status, create_user, create_time, update_user, update_time) values (44, '千寿低糖电饭煲米汤分离无涂层减糖去糖家用滤沥米饭养生饭锅', 24, 'https://mall-photo.oss-cn-beijing.aliyuncs.com/%E7%94%B5%E9%A5%AD%E9%94%853.jpg', '/admin/dist/img/no-img.png', '任', 1322.00, 1522.00, 7750, 266, '', 0, 0, '2021-04-12 14:03:52', 0, '2021-04-28 16:29:30');
insert into mallProduct.mall_goods_info (goods_id, goods_name, goods_category_id, goods_cover_img, goods_carousel, goods_detail_content, original_price, selling_price, stock_num, selled_stock_num, tag, goods_sell_status, create_user, create_time, update_user, update_time) values (45, '大电饭锅大容量正品10-15-20-30-40人食堂商用饭店特大电饭煲不沾', 24, 'https://mall-photo.oss-cn-beijing.aliyuncs.com/%E7%94%B5%E9%A5%AD%E9%94%854.jpg', '/admin/dist/img/no-img.png', '相', 6587.00, 6787.00, 9778, 335, '', 0, 0, '2021-04-12 14:03:52', 0, '2021-04-28 16:29:30');
insert into mallProduct.mall_goods_info (goods_id, goods_name, goods_category_id, goods_cover_img, goods_carousel, goods_detail_content, original_price, selling_price, stock_num, selled_stock_num, tag, goods_sell_status, create_user, create_time, update_user, update_time) values (46, '电饭煲家用智能小型电饭锅1-2-3-4人煮饭5多功能迷你全自动', 24, 'https://mall-photo.oss-cn-beijing.aliyuncs.com/%E7%94%B5%E9%A5%AD%E9%94%855.jpg', '/admin/dist/img/no-img.png', '姬', 9947.00, 10147.00, 4226, 234, '', 0, 0, '2021-04-12 14:03:52', 0, '2021-04-28 16:29:31');
insert into mallProduct.mall_goods_info (goods_id, goods_name, goods_category_id, goods_cover_img, goods_carousel, goods_detail_content, original_price, selling_price, stock_num, selled_stock_num, tag, goods_sell_status, create_user, create_time, update_user, update_time) values (47, '电饭煲多功能家用小1L-2-3人迷你智能煮饭锅小型电器内胆官方', 24, 'https://mall-photo.oss-cn-beijing.aliyuncs.com/%E7%94%B5%E9%A5%AD%E9%94%851.jpg', '/admin/dist/img/no-img.png', '武', 5477.00, 5677.00, 5167, 480, '', 0, 0, '2021-04-12 14:03:52', 0, '2021-04-28 16:29:31');
insert into mallProduct.mall_goods_info (goods_id, goods_name, goods_category_id, goods_cover_img, goods_carousel, goods_detail_content, original_price, selling_price, stock_num, selled_stock_num, tag, goods_sell_status, create_user, create_time, update_user, update_time) values (48, '进口低糖电饭煲米汤分离家用养生多功能无糖去糖控糖锅', 24, 'https://mall-photo.oss-cn-beijing.aliyuncs.com/%E7%94%B5%E9%A5%AD%E9%94%852.jpg', '/admin/dist/img/no-img.png', '康', 2649.00, 2849.00, 4592, 198, '', 0, 0, '2021-04-12 14:03:52', 0, '2021-04-28 16:29:30');
insert into mallProduct.mall_goods_info (goods_id, goods_name, goods_category_id, goods_cover_img, goods_carousel, goods_detail_content, original_price, selling_price, stock_num, selled_stock_num, tag, goods_sell_status, create_user, create_time, update_user, update_time) values (49, '智能电饭煲5升 大容量多功能迷你煮饭锅小2人3人家用官方旗舰', 24, 'https://mall-photo.oss-cn-beijing.aliyuncs.com/%E7%94%B5%E9%A5%AD%E9%94%853.jpg', '/admin/dist/img/no-img.png', '耿', 3825.00, 4025.00, 7120, 326, '', 0, 0, '2021-04-12 14:03:52', 0, '2021-04-28 16:29:30');
insert into mallProduct.mall_goods_info (goods_id, goods_name, goods_category_id, goods_cover_img, goods_carousel, goods_detail_content, original_price, selling_price, stock_num, selled_stock_num, tag, goods_sell_status, create_user, create_time, update_user, update_time) values (50, '低糖IH电饭煲小型2升3人蒸煮家用米汤分离无降去淀 粉沥米饭锅', 24, 'https://mall-photo.oss-cn-beijing.aliyuncs.com/%E7%94%B5%E9%A5%AD%E9%94%854.jpg', '/admin/dist/img/no-img.png', '董', 3116.00, 3316.00, 1666, 396, '', 0, 0, '2021-04-12 14:03:53', 0, '2021-04-28 16:29:31');
insert into mallProduct.mall_goods_info (goods_id, goods_name, goods_category_id, goods_cover_img, goods_carousel, goods_detail_content, original_price, selling_price, stock_num, selled_stock_num, tag, goods_sell_status, create_user, create_time, update_user, update_time) values (51, '迷你电饭煲1到2人小型家用正品多功能老式智能锅宿舍可蒸煮单', 24, 'https://mall-photo.oss-cn-beijing.aliyuncs.com/%E7%94%B5%E9%A5%AD%E9%94%855.jpg', '/admin/dist/img/no-img.png', '僪', 8810.00, 9010.00, 7467, 544, '', 0, 0, '2021-04-12 14:03:53', 0, '2021-05-15 14:48:37');
insert into mallProduct.mall_goods_info (goods_id, goods_name, goods_category_id, goods_cover_img, goods_carousel, goods_detail_content, original_price, selling_price, stock_num, selled_stock_num, tag, goods_sell_status, create_user, create_time, update_user, update_time) values (52, '隔水小电炖锅白瓷电炖盅婴儿BB煲汤煮粥锅迷你蒸炖锅熬粥2人', 24, 'https://mall-photo.oss-cn-beijing.aliyuncs.com/%E7%94%B5%E9%A5%AD%E9%94%851.jpg', '/admin/dist/img/no-img.png', '屈', 8168.00, 8368.00, 5228, 182, '', 0, 0, '2021-04-12 14:03:53', 0, '2021-04-28 16:29:30');
insert into mallProduct.mall_goods_info (goods_id, goods_name, goods_category_id, goods_cover_img, goods_carousel, goods_detail_content, original_price, selling_price, stock_num, selled_stock_num, tag, goods_sell_status, create_user, create_time, update_user, update_time) values (53, '小电炖锅1-2人迷你BB煲汤煮粥稀饭锅家用隔水电炖盅陶瓷熬粥', 24, 'https://mall-photo.oss-cn-beijing.aliyuncs.com/%E7%94%B5%E9%A5%AD%E9%94%852.jpg', '/admin/dist/img/no-img.png', '桑', 3532.00, 3732.00, 8850, 213, '', 0, 0, '2021-04-12 14:03:53', 0, '2021-04-28 16:29:30');

insert into mallProduct.mall_goods_param (goods_param_id, goods_id, goods_param_name, goods_param_value, create_user, create_time, update_user, update_time) values (1, 3, '功能', '控温', 1, '2021-03-23 00:40:54', 1, '2021-03-23 00:40:54');
insert into mallProduct.mall_goods_param (goods_param_id, goods_id, goods_param_name, goods_param_value, create_user, create_time, update_user, update_time) values (2, 3, '控制方式', '触摸', 1, '2021-03-23 00:40:54', 1, '2021-03-23 00:40:54');
insert into mallProduct.mall_goods_param (goods_param_id, goods_id, goods_param_name, goods_param_value, create_user, create_time, update_user, update_time) values (15, 4, '控制方式', '按钮', 0, '2021-04-12 14:58:22', 0, '2021-04-12 14:58:22');
insert into mallProduct.mall_goods_param (goods_param_id, goods_id, goods_param_name, goods_param_value, create_user, create_time, update_user, update_time) values (16, 5, '控制方式', '按钮', 0, '2021-04-12 14:58:22', 0, '2021-04-12 14:58:22');
insert into mallProduct.mall_goods_param (goods_param_id, goods_id, goods_param_name, goods_param_value, create_user, create_time, update_user, update_time) values (17, 6, '控制方式', '按钮', 0, '2021-04-12 14:58:22', 0, '2021-04-12 14:58:22');
insert into mallProduct.mall_goods_param (goods_param_id, goods_id, goods_param_name, goods_param_value, create_user, create_time, update_user, update_time) values (18, 7, '控制方式', '按钮', 0, '2021-04-12 14:58:22', 0, '2021-04-12 14:58:22');
insert into mallProduct.mall_goods_param (goods_param_id, goods_id, goods_param_name, goods_param_value, create_user, create_time, update_user, update_time) values (19, 8, '控制方式', '触摸', 0, '2021-04-12 14:58:22', 0, '2021-04-12 14:58:22');
insert into mallProduct.mall_goods_param (goods_param_id, goods_id, goods_param_name, goods_param_value, create_user, create_time, update_user, update_time) values (20, 9, '控制方式', '按钮', 0, '2021-04-12 14:58:23', 0, '2021-04-12 14:58:23');
insert into mallProduct.mall_goods_param (goods_param_id, goods_id, goods_param_name, goods_param_value, create_user, create_time, update_user, update_time) values (21, 10, '控制方式', '触摸', 0, '2021-04-12 14:58:23', 0, '2021-04-12 14:58:23');
insert into mallProduct.mall_goods_param (goods_param_id, goods_id, goods_param_name, goods_param_value, create_user, create_time, update_user, update_time) values (22, 11, '控制方式', '触摸', 0, '2021-04-12 14:58:23', 0, '2021-04-12 14:58:23');
insert into mallProduct.mall_goods_param (goods_param_id, goods_id, goods_param_name, goods_param_value, create_user, create_time, update_user, update_time) values (23, 12, '控制方式', '触摸', 0, '2021-04-12 14:58:23', 0, '2021-04-12 14:58:23');
insert into mallProduct.mall_goods_param (goods_param_id, goods_id, goods_param_name, goods_param_value, create_user, create_time, update_user, update_time) values (24, 13, '控制方式', '机械', 0, '2021-04-12 14:58:23', 0, '2021-04-12 14:58:23');
insert into mallProduct.mall_goods_param (goods_param_id, goods_id, goods_param_name, goods_param_value, create_user, create_time, update_user, update_time) values (25, 14, '控制方式', '机械', 0, '2021-04-12 14:58:23', 0, '2021-04-12 14:58:23');
insert into mallProduct.mall_goods_param (goods_param_id, goods_id, goods_param_name, goods_param_value, create_user, create_time, update_user, update_time) values (26, 15, '控制方式', '按钮', 0, '2021-04-12 14:58:23', 0, '2021-04-12 14:58:23');
insert into mallProduct.mall_goods_param (goods_param_id, goods_id, goods_param_name, goods_param_value, create_user, create_time, update_user, update_time) values (27, 16, '控制方式', '机械', 0, '2021-04-12 14:58:23', 0, '2021-04-12 14:58:23');
insert into mallProduct.mall_goods_param (goods_param_id, goods_id, goods_param_name, goods_param_value, create_user, create_time, update_user, update_time) values (28, 17, '控制方式', '触摸', 0, '2021-04-12 14:58:23', 0, '2021-04-12 14:58:23');
insert into mallProduct.mall_goods_param (goods_param_id, goods_id, goods_param_name, goods_param_value, create_user, create_time, update_user, update_time) values (29, 18, '控制方式', '触摸', 0, '2021-04-12 14:58:23', 0, '2021-04-12 14:58:23');
insert into mallProduct.mall_goods_param (goods_param_id, goods_id, goods_param_name, goods_param_value, create_user, create_time, update_user, update_time) values (30, 19, '控制方式', '触摸', 0, '2021-04-12 14:58:23', 0, '2021-04-12 14:58:23');
insert into mallProduct.mall_goods_param (goods_param_id, goods_id, goods_param_name, goods_param_value, create_user, create_time, update_user, update_time) values (31, 20, '控制方式', '按钮', 0, '2021-04-12 14:58:23', 0, '2021-04-12 14:58:23');
insert into mallProduct.mall_goods_param (goods_param_id, goods_id, goods_param_name, goods_param_value, create_user, create_time, update_user, update_time) values (32, 21, '控制方式', '机械', 0, '2021-04-12 14:58:23', 0, '2021-04-12 14:58:23');
insert into mallProduct.mall_goods_param (goods_param_id, goods_id, goods_param_name, goods_param_value, create_user, create_time, update_user, update_time) values (33, 22, '控制方式', '触摸', 0, '2021-04-12 14:58:23', 0, '2021-04-12 14:58:23');
insert into mallProduct.mall_goods_param (goods_param_id, goods_id, goods_param_name, goods_param_value, create_user, create_time, update_user, update_time) values (34, 23, '控制方式', '机械', 0, '2021-04-12 14:58:23', 0, '2021-04-12 14:58:23');
insert into mallProduct.mall_goods_param (goods_param_id, goods_id, goods_param_name, goods_param_value, create_user, create_time, update_user, update_time) values (35, 24, '控制方式', '机械', 0, '2021-04-12 14:58:23', 0, '2021-04-12 14:58:23');
insert into mallProduct.mall_goods_param (goods_param_id, goods_id, goods_param_name, goods_param_value, create_user, create_time, update_user, update_time) values (36, 25, '控制方式', '机械', 0, '2021-04-12 14:58:23', 0, '2021-04-12 14:58:23');
insert into mallProduct.mall_goods_param (goods_param_id, goods_id, goods_param_name, goods_param_value, create_user, create_time, update_user, update_time) values (37, 26, '控制方式', '按钮', 0, '2021-04-12 14:58:23', 0, '2021-04-12 14:58:23');
insert into mallProduct.mall_goods_param (goods_param_id, goods_id, goods_param_name, goods_param_value, create_user, create_time, update_user, update_time) values (38, 27, '控制方式', '触摸', 0, '2021-04-12 14:58:23', 0, '2021-04-12 14:58:23');
insert into mallProduct.mall_goods_param (goods_param_id, goods_id, goods_param_name, goods_param_value, create_user, create_time, update_user, update_time) values (39, 28, '控制方式', '机械', 0, '2021-04-12 14:58:23', 0, '2021-04-12 14:58:23');
insert into mallProduct.mall_goods_param (goods_param_id, goods_id, goods_param_name, goods_param_value, create_user, create_time, update_user, update_time) values (40, 29, '控制方式', '触摸', 0, '2021-04-12 14:58:23', 0, '2021-04-12 14:58:23');
insert into mallProduct.mall_goods_param (goods_param_id, goods_id, goods_param_name, goods_param_value, create_user, create_time, update_user, update_time) values (41, 30, '控制方式', '按钮', 0, '2021-04-12 14:58:23', 0, '2021-04-12 14:58:23');
insert into mallProduct.mall_goods_param (goods_param_id, goods_id, goods_param_name, goods_param_value, create_user, create_time, update_user, update_time) values (42, 31, '控制方式', '按钮', 0, '2021-04-12 14:58:23', 0, '2021-04-12 14:58:23');
insert into mallProduct.mall_goods_param (goods_param_id, goods_id, goods_param_name, goods_param_value, create_user, create_time, update_user, update_time) values (43, 32, '控制方式', '触摸', 0, '2021-04-12 14:58:23', 0, '2021-04-12 14:58:23');
insert into mallProduct.mall_goods_param (goods_param_id, goods_id, goods_param_name, goods_param_value, create_user, create_time, update_user, update_time) values (44, 33, '控制方式', '按钮', 0, '2021-04-12 14:58:23', 0, '2021-04-12 14:58:23');
insert into mallProduct.mall_goods_param (goods_param_id, goods_id, goods_param_name, goods_param_value, create_user, create_time, update_user, update_time) values (45, 34, '控制方式', '机械', 0, '2021-04-12 14:58:23', 0, '2021-04-12 14:58:23');
insert into mallProduct.mall_goods_param (goods_param_id, goods_id, goods_param_name, goods_param_value, create_user, create_time, update_user, update_time) values (46, 35, '控制方式', '机械', 0, '2021-04-12 14:58:23', 0, '2021-04-12 14:58:23');
insert into mallProduct.mall_goods_param (goods_param_id, goods_id, goods_param_name, goods_param_value, create_user, create_time, update_user, update_time) values (47, 36, '控制方式', '机械', 0, '2021-04-12 14:58:24', 0, '2021-04-12 14:58:24');
insert into mallProduct.mall_goods_param (goods_param_id, goods_id, goods_param_name, goods_param_value, create_user, create_time, update_user, update_time) values (48, 37, '控制方式', '按钮', 0, '2021-04-12 14:58:24', 0, '2021-04-12 14:58:24');
insert into mallProduct.mall_goods_param (goods_param_id, goods_id, goods_param_name, goods_param_value, create_user, create_time, update_user, update_time) values (49, 38, '控制方式', '机械', 0, '2021-04-12 14:58:24', 0, '2021-04-12 14:58:24');
insert into mallProduct.mall_goods_param (goods_param_id, goods_id, goods_param_name, goods_param_value, create_user, create_time, update_user, update_time) values (50, 39, '控制方式', '触摸', 0, '2021-04-12 14:58:24', 0, '2021-04-12 14:58:24');
insert into mallProduct.mall_goods_param (goods_param_id, goods_id, goods_param_name, goods_param_value, create_user, create_time, update_user, update_time) values (51, 40, '控制方式', '按钮', 0, '2021-04-12 14:58:24', 0, '2021-04-12 14:58:24');
insert into mallProduct.mall_goods_param (goods_param_id, goods_id, goods_param_name, goods_param_value, create_user, create_time, update_user, update_time) values (52, 41, '控制方式', '机械', 0, '2021-04-12 14:58:24', 0, '2021-04-12 14:58:24');
insert into mallProduct.mall_goods_param (goods_param_id, goods_id, goods_param_name, goods_param_value, create_user, create_time, update_user, update_time) values (53, 42, '控制方式', '触摸', 0, '2021-04-12 14:58:24', 0, '2021-04-12 14:58:24');
insert into mallProduct.mall_goods_param (goods_param_id, goods_id, goods_param_name, goods_param_value, create_user, create_time, update_user, update_time) values (54, 43, '控制方式', '机械', 0, '2021-04-12 14:58:24', 0, '2021-04-12 14:58:24');
insert into mallProduct.mall_goods_param (goods_param_id, goods_id, goods_param_name, goods_param_value, create_user, create_time, update_user, update_time) values (55, 44, '控制方式', '机械', 0, '2021-04-12 14:58:24', 0, '2021-04-12 14:58:24');
insert into mallProduct.mall_goods_param (goods_param_id, goods_id, goods_param_name, goods_param_value, create_user, create_time, update_user, update_time) values (56, 45, '控制方式', '触摸', 0, '2021-04-12 14:58:24', 0, '2021-04-12 14:58:24');
insert into mallProduct.mall_goods_param (goods_param_id, goods_id, goods_param_name, goods_param_value, create_user, create_time, update_user, update_time) values (57, 46, '控制方式', '机械', 0, '2021-04-12 14:58:24', 0, '2021-04-12 14:58:24');
insert into mallProduct.mall_goods_param (goods_param_id, goods_id, goods_param_name, goods_param_value, create_user, create_time, update_user, update_time) values (58, 47, '控制方式', '按钮', 0, '2021-04-12 14:58:24', 0, '2021-04-12 14:58:24');
insert into mallProduct.mall_goods_param (goods_param_id, goods_id, goods_param_name, goods_param_value, create_user, create_time, update_user, update_time) values (59, 48, '控制方式', '按钮', 0, '2021-04-12 14:58:24', 0, '2021-04-12 14:58:24');
insert into mallProduct.mall_goods_param (goods_param_id, goods_id, goods_param_name, goods_param_value, create_user, create_time, update_user, update_time) values (60, 49, '控制方式', '触摸', 0, '2021-04-12 14:58:24', 0, '2021-04-12 14:58:24');
insert into mallProduct.mall_goods_param (goods_param_id, goods_id, goods_param_name, goods_param_value, create_user, create_time, update_user, update_time) values (61, 50, '控制方式', '触摸', 0, '2021-04-12 14:58:24', 0, '2021-04-12 14:58:24');
insert into mallProduct.mall_goods_param (goods_param_id, goods_id, goods_param_name, goods_param_value, create_user, create_time, update_user, update_time) values (62, 51, '控制方式', '机械', 0, '2021-04-12 14:58:24', 0, '2021-04-12 14:58:24');
insert into mallProduct.mall_goods_param (goods_param_id, goods_id, goods_param_name, goods_param_value, create_user, create_time, update_user, update_time) values (63, 52, '控制方式', '机械', 0, '2021-04-12 14:58:24', 0, '2021-04-12 14:58:24');
insert into mallProduct.mall_goods_param (goods_param_id, goods_id, goods_param_name, goods_param_value, create_user, create_time, update_user, update_time) values (64, 53, '控制方式', '机械', 0, '2021-04-12 14:58:24', 0, '2021-04-12 14:58:24');
insert into mallProduct.mall_goods_param (goods_param_id, goods_id, goods_param_name, goods_param_value, create_user, create_time, update_user, update_time) values (65, 4, '功能', '定时', 0, '2021-04-12 14:58:24', 0, '2021-04-12 14:58:24');
insert into mallProduct.mall_goods_param (goods_param_id, goods_id, goods_param_name, goods_param_value, create_user, create_time, update_user, update_time) values (66, 5, '功能', '控温', 0, '2021-04-12 14:58:24', 0, '2021-04-12 14:58:24');
insert into mallProduct.mall_goods_param (goods_param_id, goods_id, goods_param_name, goods_param_value, create_user, create_time, update_user, update_time) values (67, 6, '功能', '定时', 0, '2021-04-12 14:58:24', 0, '2021-04-12 14:58:24');
insert into mallProduct.mall_goods_param (goods_param_id, goods_id, goods_param_name, goods_param_value, create_user, create_time, update_user, update_time) values (68, 7, '功能', '控温', 0, '2021-04-12 14:58:24', 0, '2021-04-12 14:58:24');
insert into mallProduct.mall_goods_param (goods_param_id, goods_id, goods_param_name, goods_param_value, create_user, create_time, update_user, update_time) values (69, 8, '功能', '定时', 0, '2021-04-12 14:58:24', 0, '2021-04-12 14:58:24');
insert into mallProduct.mall_goods_param (goods_param_id, goods_id, goods_param_name, goods_param_value, create_user, create_time, update_user, update_time) values (70, 9, '功能', '定时', 0, '2021-04-12 14:58:24', 0, '2021-04-12 14:58:24');
insert into mallProduct.mall_goods_param (goods_param_id, goods_id, goods_param_name, goods_param_value, create_user, create_time, update_user, update_time) values (71, 10, '功能', '控温', 0, '2021-04-12 14:58:24', 0, '2021-04-12 14:58:24');
insert into mallProduct.mall_goods_param (goods_param_id, goods_id, goods_param_name, goods_param_value, create_user, create_time, update_user, update_time) values (72, 11, '功能', '定时', 0, '2021-04-12 14:58:24', 0, '2021-04-12 14:58:24');
insert into mallProduct.mall_goods_param (goods_param_id, goods_id, goods_param_name, goods_param_value, create_user, create_time, update_user, update_time) values (73, 12, '功能', '控温', 0, '2021-04-12 14:58:24', 0, '2021-04-12 14:58:24');
insert into mallProduct.mall_goods_param (goods_param_id, goods_id, goods_param_name, goods_param_value, create_user, create_time, update_user, update_time) values (74, 13, '功能', '控温', 0, '2021-04-12 14:58:24', 0, '2021-04-12 14:58:24');
insert into mallProduct.mall_goods_param (goods_param_id, goods_id, goods_param_name, goods_param_value, create_user, create_time, update_user, update_time) values (75, 14, '功能', '定时', 0, '2021-04-12 14:58:24', 0, '2021-04-12 14:58:24');
insert into mallProduct.mall_goods_param (goods_param_id, goods_id, goods_param_name, goods_param_value, create_user, create_time, update_user, update_time) values (76, 15, '功能', '控温', 0, '2021-04-12 14:58:25', 0, '2021-04-12 14:58:25');
insert into mallProduct.mall_goods_param (goods_param_id, goods_id, goods_param_name, goods_param_value, create_user, create_time, update_user, update_time) values (77, 16, '功能', '控温', 0, '2021-04-12 14:58:25', 0, '2021-04-12 14:58:25');
insert into mallProduct.mall_goods_param (goods_param_id, goods_id, goods_param_name, goods_param_value, create_user, create_time, update_user, update_time) values (78, 17, '功能', '定时', 0, '2021-04-12 14:58:25', 0, '2021-04-12 14:58:25');
insert into mallProduct.mall_goods_param (goods_param_id, goods_id, goods_param_name, goods_param_value, create_user, create_time, update_user, update_time) values (79, 18, '功能', '控温', 0, '2021-04-12 14:58:25', 0, '2021-04-12 14:58:25');
insert into mallProduct.mall_goods_param (goods_param_id, goods_id, goods_param_name, goods_param_value, create_user, create_time, update_user, update_time) values (80, 19, '功能', '控温', 0, '2021-04-12 14:58:25', 0, '2021-04-12 14:58:25');
insert into mallProduct.mall_goods_param (goods_param_id, goods_id, goods_param_name, goods_param_value, create_user, create_time, update_user, update_time) values (81, 20, '功能', '定时', 0, '2021-04-12 14:58:25', 0, '2021-04-12 14:58:25');
insert into mallProduct.mall_goods_param (goods_param_id, goods_id, goods_param_name, goods_param_value, create_user, create_time, update_user, update_time) values (82, 21, '功能', '控温', 0, '2021-04-12 14:58:25', 0, '2021-04-12 14:58:25');
insert into mallProduct.mall_goods_param (goods_param_id, goods_id, goods_param_name, goods_param_value, create_user, create_time, update_user, update_time) values (83, 22, '功能', '定时', 0, '2021-04-12 14:58:25', 0, '2021-04-12 14:58:25');
insert into mallProduct.mall_goods_param (goods_param_id, goods_id, goods_param_name, goods_param_value, create_user, create_time, update_user, update_time) values (84, 23, '功能', '定时', 0, '2021-04-12 14:58:25', 0, '2021-04-12 14:58:25');
insert into mallProduct.mall_goods_param (goods_param_id, goods_id, goods_param_name, goods_param_value, create_user, create_time, update_user, update_time) values (85, 24, '功能', '定时', 0, '2021-04-12 14:58:25', 0, '2021-04-12 14:58:25');
insert into mallProduct.mall_goods_param (goods_param_id, goods_id, goods_param_name, goods_param_value, create_user, create_time, update_user, update_time) values (86, 25, '功能', '控温', 0, '2021-04-12 14:58:25', 0, '2021-04-12 14:58:25');
insert into mallProduct.mall_goods_param (goods_param_id, goods_id, goods_param_name, goods_param_value, create_user, create_time, update_user, update_time) values (87, 26, '功能', '控温', 0, '2021-04-12 14:58:25', 0, '2021-04-12 14:58:25');
insert into mallProduct.mall_goods_param (goods_param_id, goods_id, goods_param_name, goods_param_value, create_user, create_time, update_user, update_time) values (88, 27, '功能', '定时', 0, '2021-04-12 14:58:25', 0, '2021-04-12 14:58:25');
insert into mallProduct.mall_goods_param (goods_param_id, goods_id, goods_param_name, goods_param_value, create_user, create_time, update_user, update_time) values (89, 28, '功能', '定时', 0, '2021-04-12 14:58:25', 0, '2021-04-12 14:58:25');
insert into mallProduct.mall_goods_param (goods_param_id, goods_id, goods_param_name, goods_param_value, create_user, create_time, update_user, update_time) values (90, 29, '功能', '定时', 0, '2021-04-12 14:58:25', 0, '2021-04-12 14:58:25');
insert into mallProduct.mall_goods_param (goods_param_id, goods_id, goods_param_name, goods_param_value, create_user, create_time, update_user, update_time) values (91, 30, '功能', '控温', 0, '2021-04-12 14:58:25', 0, '2021-04-12 14:58:25');
insert into mallProduct.mall_goods_param (goods_param_id, goods_id, goods_param_name, goods_param_value, create_user, create_time, update_user, update_time) values (92, 31, '功能', '定时', 0, '2021-04-12 14:58:25', 0, '2021-04-12 14:58:25');
insert into mallProduct.mall_goods_param (goods_param_id, goods_id, goods_param_name, goods_param_value, create_user, create_time, update_user, update_time) values (93, 32, '功能', '控温', 0, '2021-04-12 14:58:25', 0, '2021-04-12 14:58:25');
insert into mallProduct.mall_goods_param (goods_param_id, goods_id, goods_param_name, goods_param_value, create_user, create_time, update_user, update_time) values (94, 33, '功能', '定时', 0, '2021-04-12 14:58:25', 0, '2021-04-12 14:58:25');
insert into mallProduct.mall_goods_param (goods_param_id, goods_id, goods_param_name, goods_param_value, create_user, create_time, update_user, update_time) values (95, 34, '功能', '控温', 0, '2021-04-12 14:58:25', 0, '2021-04-12 14:58:25');
insert into mallProduct.mall_goods_param (goods_param_id, goods_id, goods_param_name, goods_param_value, create_user, create_time, update_user, update_time) values (96, 35, '功能', '定时', 0, '2021-04-12 14:58:25', 0, '2021-04-12 14:58:25');
insert into mallProduct.mall_goods_param (goods_param_id, goods_id, goods_param_name, goods_param_value, create_user, create_time, update_user, update_time) values (97, 36, '功能', '定时', 0, '2021-04-12 14:58:25', 0, '2021-04-12 14:58:25');
insert into mallProduct.mall_goods_param (goods_param_id, goods_id, goods_param_name, goods_param_value, create_user, create_time, update_user, update_time) values (98, 37, '功能', '控温', 0, '2021-04-12 14:58:25', 0, '2021-04-12 14:58:25');
insert into mallProduct.mall_goods_param (goods_param_id, goods_id, goods_param_name, goods_param_value, create_user, create_time, update_user, update_time) values (99, 38, '功能', '控温', 0, '2021-04-12 14:58:26', 0, '2021-04-12 14:58:26');
insert into mallProduct.mall_goods_param (goods_param_id, goods_id, goods_param_name, goods_param_value, create_user, create_time, update_user, update_time) values (100, 39, '功能', '定时', 0, '2021-04-12 14:58:26', 0, '2021-04-12 14:58:26');
insert into mallProduct.mall_goods_param (goods_param_id, goods_id, goods_param_name, goods_param_value, create_user, create_time, update_user, update_time) values (101, 40, '功能', '控温', 0, '2021-04-12 14:58:26', 0, '2021-04-12 14:58:26');
insert into mallProduct.mall_goods_param (goods_param_id, goods_id, goods_param_name, goods_param_value, create_user, create_time, update_user, update_time) values (102, 41, ' 功能', '定时', 0, '2021-04-12 14:58:26', 0, '2021-04-12 14:58:26');
insert into mallProduct.mall_goods_param (goods_param_id, goods_id, goods_param_name, goods_param_value, create_user, create_time, update_user, update_time) values (103, 42, '功能', '控温', 0, '2021-04-12 14:58:26', 0, '2021-04-12 14:58:26');
insert into mallProduct.mall_goods_param (goods_param_id, goods_id, goods_param_name, goods_param_value, create_user, create_time, update_user, update_time) values (104, 43, '功能', '定时', 0, '2021-04-12 14:58:26', 0, '2021-04-12 14:58:26');
insert into mallProduct.mall_goods_param (goods_param_id, goods_id, goods_param_name, goods_param_value, create_user, create_time, update_user, update_time) values (105, 44, '功能', '定时', 0, '2021-04-12 14:58:26', 0, '2021-04-12 14:58:26');
insert into mallProduct.mall_goods_param (goods_param_id, goods_id, goods_param_name, goods_param_value, create_user, create_time, update_user, update_time) values (106, 45, '功能', '控 温', 0, '2021-04-12 14:58:26', 0, '2021-04-12 14:58:26');
insert into mallProduct.mall_goods_param (goods_param_id, goods_id, goods_param_name, goods_param_value, create_user, create_time, update_user, update_time) values (107, 46, '功能', '控温', 0, '2021-04-12 14:58:26', 0, '2021-04-12 14:58:26');
insert into mallProduct.mall_goods_param (goods_param_id, goods_id, goods_param_name, goods_param_value, create_user, create_time, update_user, update_time) values (108, 47, '功能', '控温', 0, '2021-04-12 14:58:26', 0, '2021-04-12 14:58:26');
insert into mallProduct.mall_goods_param (goods_param_id, goods_id, goods_param_name, goods_param_value, create_user, create_time, update_user, update_time) values (109, 48, '功能', '控温', 0, '2021-04-12 14:58:26', 0, '2021-04-12 14:58:26');
insert into mallProduct.mall_goods_param (goods_param_id, goods_id, goods_param_name, goods_param_value, create_user, create_time, update_user, update_time) values (110, 49, '功能', '定时', 0, '2021-04-12 14:58:26', 0, '2021-04-12 14:58:26');
insert into mallProduct.mall_goods_param (goods_param_id, goods_id, goods_param_name, goods_param_value, create_user, create_time, update_user, update_time) values (111, 50, '功能', '定时', 0, '2021-04-12 14:58:26', 0, '2021-04-12 14:58:26');
insert into mallProduct.mall_goods_param (goods_param_id, goods_id, goods_param_name, goods_param_value, create_user, create_time, update_user, update_time) values (112, 51, '功能', '控温', 0, '2021-04-12 14:58:26', 0, '2021-04-12 14:58:26');
insert into mallProduct.mall_goods_param (goods_param_id, goods_id, goods_param_name, goods_param_value, create_user, create_time, update_user, update_time) values (113, 52, '功能', '定时', 0, '2021-04-12 14:58:26', 0, '2021-04-12 14:58:26');
insert into mallProduct.mall_goods_param (goods_param_id, goods_id, goods_param_name, goods_param_value, create_user, create_time, update_user, update_time) values (114, 53, '功能', '控温', 0, '2021-04-12 14:58:26', 0, '2021-04-12 14:58:26');
insert into mallProduct.mall_goods_param (goods_param_id, goods_id, goods_param_name, goods_param_value, create_user, create_time, update_user, update_time) values (115, 4, '能效等级', '三级', 0, '2021-04-12 14:58:26', 0, '2021-04-12 14:58:26');
insert into mallProduct.mall_goods_param (goods_param_id, goods_id, goods_param_name, goods_param_value, create_user, create_time, update_user, update_time) values (116, 5, '能效等级', '二级', 0, '2021-04-12 14:58:26', 0, '2021-04-12 14:58:26');
insert into mallProduct.mall_goods_param (goods_param_id, goods_id, goods_param_name, goods_param_value, create_user, create_time, update_user, update_time) values (117, 6, '能效等级', '一级', 0, '2021-04-12 14:58:26', 0, '2021-04-12 14:58:26');
insert into mallProduct.mall_goods_param (goods_param_id, goods_id, goods_param_name, goods_param_value, create_user, create_time, update_user, update_time) values (118, 7, '能效等级', '三级', 0, '2021-04-12 14:58:26', 0, '2021-04-12 14:58:26');
insert into mallProduct.mall_goods_param (goods_param_id, goods_id, goods_param_name, goods_param_value, create_user, create_time, update_user, update_time) values (119, 8, '能效等级', '二级', 0, '2021-04-12 14:58:26', 0, '2021-04-12 14:58:26');
insert into mallProduct.mall_goods_param (goods_param_id, goods_id, goods_param_name, goods_param_value, create_user, create_time, update_user, update_time) values (120, 9, '能效等级', '二级', 0, '2021-04-12 14:58:26', 0, '2021-04-12 14:58:26');
insert into mallProduct.mall_goods_param (goods_param_id, goods_id, goods_param_name, goods_param_value, create_user, create_time, update_user, update_time) values (121, 10, '能效等级', '一级', 0, '2021-04-12 14:58:26', 0, '2021-04-12 14:58:26');
insert into mallProduct.mall_goods_param (goods_param_id, goods_id, goods_param_name, goods_param_value, create_user, create_time, update_user, update_time) values (122, 11, '能效等级', '二级', 0, '2021-04-12 14:58:26', 0, '2021-04-12 14:58:26');
insert into mallProduct.mall_goods_param (goods_param_id, goods_id, goods_param_name, goods_param_value, create_user, create_time, update_user, update_time) values (123, 12, '能效等级', '二级', 0, '2021-04-12 14:58:26', 0, '2021-04-12 14:58:26');
insert into mallProduct.mall_goods_param (goods_param_id, goods_id, goods_param_name, goods_param_value, create_user, create_time, update_user, update_time) values (124, 13, '能效等级', '三级', 0, '2021-04-12 14:58:26', 0, '2021-04-12 14:58:26');
insert into mallProduct.mall_goods_param (goods_param_id, goods_id, goods_param_name, goods_param_value, create_user, create_time, update_user, update_time) values (125, 14, '能效等级', '二级', 0, '2021-04-12 14:58:26', 0, '2021-04-12 14:58:26');
insert into mallProduct.mall_goods_param (goods_param_id, goods_id, goods_param_name, goods_param_value, create_user, create_time, update_user, update_time) values (126, 15, '能效等级', '一级', 0, '2021-04-12 14:58:27', 0, '2021-04-12 14:58:27');
insert into mallProduct.mall_goods_param (goods_param_id, goods_id, goods_param_name, goods_param_value, create_user, create_time, update_user, update_time) values (127, 16, '能效等级', '二级', 0, '2021-04-12 14:58:27', 0, '2021-04-12 14:58:27');
insert into mallProduct.mall_goods_param (goods_param_id, goods_id, goods_param_name, goods_param_value, create_user, create_time, update_user, update_time) values (128, 17, '能效等级', '二级', 0, '2021-04-12 14:58:27', 0, '2021-04-12 14:58:27');
insert into mallProduct.mall_goods_param (goods_param_id, goods_id, goods_param_name, goods_param_value, create_user, create_time, update_user, update_time) values (129, 18, '能效等级', '三级', 0, '2021-04-12 14:58:27', 0, '2021-04-12 14:58:27');
insert into mallProduct.mall_goods_param (goods_param_id, goods_id, goods_param_name, goods_param_value, create_user, create_time, update_user, update_time) values (130, 19, '能效等级', '三级', 0, '2021-04-12 14:58:27', 0, '2021-04-12 14:58:27');
insert into mallProduct.mall_goods_param (goods_param_id, goods_id, goods_param_name, goods_param_value, create_user, create_time, update_user, update_time) values (131, 20, '能效等级', '三级', 0, '2021-04-12 14:58:27', 0, '2021-04-12 14:58:27');
insert into mallProduct.mall_goods_param (goods_param_id, goods_id, goods_param_name, goods_param_value, create_user, create_time, update_user, update_time) values (132, 21, '能效等级', ' 一级', 0, '2021-04-12 14:58:27', 0, '2021-04-12 14:58:27');
insert into mallProduct.mall_goods_param (goods_param_id, goods_id, goods_param_name, goods_param_value, create_user, create_time, update_user, update_time) values (133, 22, '能效等级', '一级', 0, '2021-04-12 14:58:27', 0, '2021-04-12 14:58:27');
insert into mallProduct.mall_goods_param (goods_param_id, goods_id, goods_param_name, goods_param_value, create_user, create_time, update_user, update_time) values (134, 23, '能效等级', '三级', 0, '2021-04-12 14:58:27', 0, '2021-04-12 14:58:27');
insert into mallProduct.mall_goods_param (goods_param_id, goods_id, goods_param_name, goods_param_value, create_user, create_time, update_user, update_time) values (135, 24, '能效等级', '三级', 0, '2021-04-12 14:58:27', 0, '2021-04-12 14:58:27');
insert into mallProduct.mall_goods_param (goods_param_id, goods_id, goods_param_name, goods_param_value, create_user, create_time, update_user, update_time) values (136, 25, '能效 等级', '一级', 0, '2021-04-12 14:58:27', 0, '2021-04-12 14:58:27');
insert into mallProduct.mall_goods_param (goods_param_id, goods_id, goods_param_name, goods_param_value, create_user, create_time, update_user, update_time) values (137, 26, '能效等级', '二级', 0, '2021-04-12 14:58:27', 0, '2021-04-12 14:58:27');
insert into mallProduct.mall_goods_param (goods_param_id, goods_id, goods_param_name, goods_param_value, create_user, create_time, update_user, update_time) values (138, 27, ' 能效等级', '二级', 0, '2021-04-12 14:58:27', 0, '2021-04-12 14:58:27');
insert into mallProduct.mall_goods_param (goods_param_id, goods_id, goods_param_name, goods_param_value, create_user, create_time, update_user, update_time) values (139, 28, '能效等级', '二级', 0, '2021-04-12 14:58:27', 0, '2021-04-12 14:58:27');
insert into mallProduct.mall_goods_param (goods_param_id, goods_id, goods_param_name, goods_param_value, create_user, create_time, update_user, update_time) values (140, 29, '能效等级', '三级', 0, '2021-04-12 14:58:27', 0, '2021-04-12 14:58:27');
insert into mallProduct.mall_goods_param (goods_param_id, goods_id, goods_param_name, goods_param_value, create_user, create_time, update_user, update_time) values (141, 30, '能效等级', '二级', 0, '2021-04-12 14:58:27', 0, '2021-04-12 14:58:27');
insert into mallProduct.mall_goods_param (goods_param_id, goods_id, goods_param_name, goods_param_value, create_user, create_time, update_user, update_time) values (142, 31, '能效等级', '一级', 0, '2021-04-12 14:58:27', 0, '2021-04-12 14:58:27');
insert into mallProduct.mall_goods_param (goods_param_id, goods_id, goods_param_name, goods_param_value, create_user, create_time, update_user, update_time) values (143, 32, '能效等级', '二级', 0, '2021-04-12 14:58:27', 0, '2021-04-12 14:58:27');
insert into mallProduct.mall_goods_param (goods_param_id, goods_id, goods_param_name, goods_param_value, create_user, create_time, update_user, update_time) values (144, 33, '能效等级', '二级', 0, '2021-04-12 14:58:27', 0, '2021-04-12 14:58:27');
insert into mallProduct.mall_goods_param (goods_param_id, goods_id, goods_param_name, goods_param_value, create_user, create_time, update_user, update_time) values (145, 34, '能效等级', '二级', 0, '2021-04-12 14:58:27', 0, '2021-04-12 14:58:27');
insert into mallProduct.mall_goods_param (goods_param_id, goods_id, goods_param_name, goods_param_value, create_user, create_time, update_user, update_time) values (146, 35, '能效等级', '二级', 0, '2021-04-12 14:58:27', 0, '2021-04-12 14:58:27');
insert into mallProduct.mall_goods_param (goods_param_id, goods_id, goods_param_name, goods_param_value, create_user, create_time, update_user, update_time) values (147, 36, '能效等级', '三级', 0, '2021-04-12 14:58:27', 0, '2021-04-12 14:58:27');
insert into mallProduct.mall_goods_param (goods_param_id, goods_id, goods_param_name, goods_param_value, create_user, create_time, update_user, update_time) values (148, 37, '能效等级', '二级', 0, '2021-04-12 14:58:27', 0, '2021-04-12 14:58:27');
insert into mallProduct.mall_goods_param (goods_param_id, goods_id, goods_param_name, goods_param_value, create_user, create_time, update_user, update_time) values (149, 38, '能效等级', '二级', 0, '2021-04-12 14:58:27', 0, '2021-04-12 14:58:27');
insert into mallProduct.mall_goods_param (goods_param_id, goods_id, goods_param_name, goods_param_value, create_user, create_time, update_user, update_time) values (150, 39, '能效等级', '一级', 0, '2021-04-12 14:58:28', 0, '2021-04-12 14:58:28');
insert into mallProduct.mall_goods_param (goods_param_id, goods_id, goods_param_name, goods_param_value, create_user, create_time, update_user, update_time) values (151, 40, '能效等级', '一级', 0, '2021-04-12 14:58:28', 0, '2021-04-12 14:58:28');
insert into mallProduct.mall_goods_param (goods_param_id, goods_id, goods_param_name, goods_param_value, create_user, create_time, update_user, update_time) values (152, 41, '能效等级', '三级', 0, '2021-04-12 14:58:28', 0, '2021-04-12 14:58:28');
insert into mallProduct.mall_goods_param (goods_param_id, goods_id, goods_param_name, goods_param_value, create_user, create_time, update_user, update_time) values (153, 42, '能效等级', '三级', 0, '2021-04-12 14:58:28', 0, '2021-04-12 14:58:28');
insert into mallProduct.mall_goods_param (goods_param_id, goods_id, goods_param_name, goods_param_value, create_user, create_time, update_user, update_time) values (154, 43, '能效等级', '三级', 0, '2021-04-12 14:58:28', 0, '2021-04-12 14:58:28');
insert into mallProduct.mall_goods_param (goods_param_id, goods_id, goods_param_name, goods_param_value, create_user, create_time, update_user, update_time) values (155, 44, '能效等级', '二级', 0, '2021-04-12 14:58:28', 0, '2021-04-12 14:58:28');
insert into mallProduct.mall_goods_param (goods_param_id, goods_id, goods_param_name, goods_param_value, create_user, create_time, update_user, update_time) values (156, 45, '能效等级', '三级', 0, '2021-04-12 14:58:28', 0, '2021-04-12 14:58:28');
insert into mallProduct.mall_goods_param (goods_param_id, goods_id, goods_param_name, goods_param_value, create_user, create_time, update_user, update_time) values (157, 46, '能效等级', '三级', 0, '2021-04-12 14:58:28', 0, '2021-04-12 14:58:28');
insert into mallProduct.mall_goods_param (goods_param_id, goods_id, goods_param_name, goods_param_value, create_user, create_time, update_user, update_time) values (158, 47, '能效等级', '二级', 0, '2021-04-12 14:58:28', 0, '2021-04-12 14:58:28');
insert into mallProduct.mall_goods_param (goods_param_id, goods_id, goods_param_name, goods_param_value, create_user, create_time, update_user, update_time) values (159, 48, '能效等级', '二级', 0, '2021-04-12 14:58:28', 0, '2021-04-12 14:58:28');
insert into mallProduct.mall_goods_param (goods_param_id, goods_id, goods_param_name, goods_param_value, create_user, create_time, update_user, update_time) values (160, 49, '能效等级', '三级', 0, '2021-04-12 14:58:28', 0, '2021-04-12 14:58:28');
insert into mallProduct.mall_goods_param (goods_param_id, goods_id, goods_param_name, goods_param_value, create_user, create_time, update_user, update_time) values (161, 50, '能效等级', '三级', 0, '2021-04-12 14:58:28', 0, '2021-04-12 14:58:28');
insert into mallProduct.mall_goods_param (goods_param_id, goods_id, goods_param_name, goods_param_value, create_user, create_time, update_user, update_time) values (162, 51, '能效等级', '三级', 0, '2021-04-12 14:58:28', 0, '2021-04-12 14:58:28');
insert into mallProduct.mall_goods_param (goods_param_id, goods_id, goods_param_name, goods_param_value, create_user, create_time, update_user, update_time) values (163, 52, '能效等级', '一级', 0, '2021-04-12 14:58:28', 0, '2021-04-12 14:58:28');
insert into mallProduct.mall_goods_param (goods_param_id, goods_id, goods_param_name, goods_param_value, create_user, create_time, update_user, update_time) values (164, 53, '能效等级', '三级', 0, '2021-04-12 14:58:28', 0, '2021-04-12 14:58:28');

insert into mallProduct.mall_goods_property (goods_property_id, goods_id, goods_property_name, goods_property_value, create_user, create_time, update_user, update_time, original_price, selling_price, stock_num, selled_stock_num) values (1, 3, '', '[{"key":"容量","value":"1L"}]', 1, '2021-03-23 00:40:54', 1, '2021-05-11 16:27:26', 201.00, 200.00, 194, 36);
insert into mallProduct.mall_goods_property (goods_property_id, goods_id, goods_property_name, goods_property_value, create_user, create_time, update_user, update_time, original_price, selling_price, stock_num, selled_stock_num) values (2, 3, '', '[{"key":"容量","value":"2L"}]', 1, '2021-03-23 00:40:54', 1, '2021-05-14 23:17:39', 200.00, 200.00, 200, 30);
insert into mallProduct.mall_goods_property (goods_property_id, goods_id, goods_property_name, goods_property_value, create_user, create_time, update_user, update_time, original_price, selling_price, stock_num, selled_stock_num) values (3, 4, '', '[{"key":"容量","value":"1L"}]', 0, '2021-04-12 15:18:16', 0, '2021-04-12 15:18:16', 9154.00, 9354.00, 8032, 317);
insert into mallProduct.mall_goods_property (goods_property_id, goods_id, goods_property_name, goods_property_value, create_user, create_time, update_user, update_time, original_price, selling_price, stock_num, selled_stock_num) values (4, 5, '', '[{"key":"容量","value":"1L"}]', 0, '2021-04-12 15:18:16', 0, '2021-04-12 15:18:16', 6539.00, 6739.00, 5782, 309);
insert into mallProduct.mall_goods_property (goods_property_id, goods_id, goods_property_name, goods_property_value, create_user, create_time, update_user, update_time, original_price, selling_price, stock_num, selled_stock_num) values (5, 6, '', '[{"key":"容量","value":"1L"}]', 0, '2021-04-12 15:18:16', 0, '2021-04-12 15:18:16', 9396.00, 9596.00, 4730, 352);
insert into mallProduct.mall_goods_property (goods_property_id, goods_id, goods_property_name, goods_property_value, create_user, create_time, update_user, update_time, original_price, selling_price, stock_num, selled_stock_num) values (6, 7, '', '[{"key":"容量","value":"1L"}]', 0, '2021-04-12 15:18:17', 0, '2021-05-14 23:30:54', 6076.00, 6276.00, 7118, 370);
insert into mallProduct.mall_goods_property (goods_property_id, goods_id, goods_property_name, goods_property_value, create_user, create_time, update_user, update_time, original_price, selling_price, stock_num, selled_stock_num) values (7, 8, '', '[{"key":"容量","value":"1L"}]', 0, '2021-04-12 15:18:17', 0, '2021-04-12 15:18:17', 4620.00, 4820.00, 9366, 375);
insert into mallProduct.mall_goods_property (goods_property_id, goods_id, goods_property_name, goods_property_value, create_user, create_time, update_user, update_time, original_price, selling_price, stock_num, selled_stock_num) values (8, 9, '', '[{"key":"容量","value":"1L"}]', 0, '2021-04-12 15:18:17', 0, '2021-04-12 15:18:17', 3915.00, 4115.00, 7856, 237);
insert into mallProduct.mall_goods_property (goods_property_id, goods_id, goods_property_name, goods_property_value, create_user, create_time, update_user, update_time, original_price, selling_price, stock_num, selled_stock_num) values (9, 10, '', '[{"key":"容量","value":"1L"}]', 0, '2021-04-12 15:18:17', 0, '2021-04-12 15:18:17', 2687.00, 2887.00, 4058, 461);
insert into mallProduct.mall_goods_property (goods_property_id, goods_id, goods_property_name, goods_property_value, create_user, create_time, update_user, update_time, original_price, selling_price, stock_num, selled_stock_num) values (10, 11, '', '[{"key":"容量","value":"1L"}]', 0, '2021-04-12 15:18:17', 0, '2021-04-12 15:18:17', 7602.00, 7802.00, 7634, 423);
insert into mallProduct.mall_goods_property (goods_property_id, goods_id, goods_property_name, goods_property_value, create_user, create_time, update_user, update_time, original_price, selling_price, stock_num, selled_stock_num) values (11, 12, '', '[{"key":"容量","value":"1L"}]', 0, '2021-04-12 15:18:17', 0, '2021-04-12 15:18:17', 4963.00, 5163.00, 5762, 461);
insert into mallProduct.mall_goods_property (goods_property_id, goods_id, goods_property_name, goods_property_value, create_user, create_time, update_user, update_time, original_price, selling_price, stock_num, selled_stock_num) values (12, 13, '', '[{"key":"容量","value":"1L"}]', 0, '2021-04-12 15:18:17', 0, '2021-04-12 15:18:17', 5859.00, 6059.00, 1077, 270);
insert into mallProduct.mall_goods_property (goods_property_id, goods_id, goods_property_name, goods_property_value, create_user, create_time, update_user, update_time, original_price, selling_price, stock_num, selled_stock_num) values (13, 14, '', '[{"key":"容量","value":"1L"}]', 0, '2021-04-12 15:18:17', 0, '2021-04-12 15:18:17', 7623.00, 7823.00, 1187, 306);
insert into mallProduct.mall_goods_property (goods_property_id, goods_id, goods_property_name, goods_property_value, create_user, create_time, update_user, update_time, original_price, selling_price, stock_num, selled_stock_num) values (14, 15, '', '[{"key":"容量","value":"1L"}]', 0, '2021-04-12 15:18:17', 0, '2021-05-14 23:00:49', 1179.00, 1379.00, 9886, 353);
insert into mallProduct.mall_goods_property (goods_property_id, goods_id, goods_property_name, goods_property_value, create_user, create_time, update_user, update_time, original_price, selling_price, stock_num, selled_stock_num) values (15, 16, '', '[{"key":"容量","value":"1L"}]', 0, '2021-04-12 15:18:17', 0, '2021-04-12 15:18:17', 8344.00, 8544.00, 8793, 481);
insert into mallProduct.mall_goods_property (goods_property_id, goods_id, goods_property_name, goods_property_value, create_user, create_time, update_user, update_time, original_price, selling_price, stock_num, selled_stock_num) values (16, 17, '', '[{"key":"容量","value":"1L"}]', 0, '2021-04-12 15:18:17', 0, '2021-04-12 15:18:17', 9801.00, 10001.00, 9190, 428);
insert into mallProduct.mall_goods_property (goods_property_id, goods_id, goods_property_name, goods_property_value, create_user, create_time, update_user, update_time, original_price, selling_price, stock_num, selled_stock_num) values (17, 18, '', '[{"key":"容量","value":"1L"}]', 0, '2021-04-12 15:18:17', 0, '2021-04-12 15:18:17', 8753.00, 8953.00, 2565, 315);
insert into mallProduct.mall_goods_property (goods_property_id, goods_id, goods_property_name, goods_property_value, create_user, create_time, update_user, update_time, original_price, selling_price, stock_num, selled_stock_num) values (18, 19, '', '[{"key":"容量","value":"1L"}]', 0, '2021-04-12 15:18:17', 0, '2021-04-12 15:18:17', 2733.00, 2933.00, 7470, 275);
insert into mallProduct.mall_goods_property (goods_property_id, goods_id, goods_property_name, goods_property_value, create_user, create_time, update_user, update_time, original_price, selling_price, stock_num, selled_stock_num) values (19, 20, '', '[{"key":"容量","value":"1L"}]', 0, '2021-04-12 15:18:17', 0, '2021-04-12 15:18:59', 3621.00, 3821.00, 2156, 411);
insert into mallProduct.mall_goods_property (goods_property_id, goods_id, goods_property_name, goods_property_value, create_user, create_time, update_user, update_time, original_price, selling_price, stock_num, selled_stock_num) values (20, 21, '', '[{"key":"容量","value":"1L"}]', 0, '2021-04-12 15:18:17', 0, '2021-04-12 15:18:17', 3018.00, 3218.00, 9808, 492);
insert into mallProduct.mall_goods_property (goods_property_id, goods_id, goods_property_name, goods_property_value, create_user, create_time, update_user, update_time, original_price, selling_price, stock_num, selled_stock_num) values (21, 22, '', '[{"key":"容量","value":"1L"}]', 0, '2021-04-12 15:18:17', 0, '2021-04-12 15:18:17', 1027.00, 1227.00, 4061, 204);
insert into mallProduct.mall_goods_property (goods_property_id, goods_id, goods_property_name, goods_property_value, create_user, create_time, update_user, update_time, original_price, selling_price, stock_num, selled_stock_num) values (22, 23, '', '[{"key":"容量","value":"1L"}]', 0, '2021-04-12 15:18:17', 0, '2021-05-09 17:50:31', 9452.00, 9652.00, 3741, 483);
insert into mallProduct.mall_goods_property (goods_property_id, goods_id, goods_property_name, goods_property_value, create_user, create_time, update_user, update_time, original_price, selling_price, stock_num, selled_stock_num) values (23, 24, '', '[{"key":"容量","value":"1L"}]', 0, '2021-04-12 15:18:17', 0, '2021-04-12 15:18:17', 3432.00, 3632.00, 8194, 459);
insert into mallProduct.mall_goods_property (goods_property_id, goods_id, goods_property_name, goods_property_value, create_user, create_time, update_user, update_time, original_price, selling_price, stock_num, selled_stock_num) values (24, 25, '', '[{"key":"容量","value":"1L"}]', 0, '2021-04-12 15:18:17', 0, '2021-04-12 15:18:17', 8911.00, 9111.00, 1449, 419);
insert into mallProduct.mall_goods_property (goods_property_id, goods_id, goods_property_name, goods_property_value, create_user, create_time, update_user, update_time, original_price, selling_price, stock_num, selled_stock_num) values (25, 26, '', '[{"key":"容量","value":"1L"}]', 0, '2021-04-12 15:18:17', 0, '2021-04-12 15:18:17', 4359.00, 4559.00, 6858, 434);
insert into mallProduct.mall_goods_property (goods_property_id, goods_id, goods_property_name, goods_property_value, create_user, create_time, update_user, update_time, original_price, selling_price, stock_num, selled_stock_num) values (26, 27, '', '[{"key":"容量","value":"1L"}]', 0, '2021-04-12 15:18:17', 0, '2021-04-12 15:18:17', 4839.00, 5039.00, 9697, 332);
insert into mallProduct.mall_goods_property (goods_property_id, goods_id, goods_property_name, goods_property_value, create_user, create_time, update_user, update_time, original_price, selling_price, stock_num, selled_stock_num) values (27, 28, '', '[{"key":"容量","value":"1L"}]', 0, '2021-04-12 15:18:17', 0, '2021-04-12 15:18:17', 9696.00, 9896.00, 4552, 369);
insert into mallProduct.mall_goods_property (goods_property_id, goods_id, goods_property_name, goods_property_value, create_user, create_time, update_user, update_time, original_price, selling_price, stock_num, selled_stock_num) values (28, 29, '', '[{"key":"容量","value":"1L"}]', 0, '2021-04-12 15:18:17', 0, '2021-04-12 15:18:17', 6826.00, 7026.00, 3892, 436);
insert into mallProduct.mall_goods_property (goods_property_id, goods_id, goods_property_name, goods_property_value, create_user, create_time, update_user, update_time, original_price, selling_price, stock_num, selled_stock_num) values (29, 30, '', '[{"key":"容量","value":"1L"}]', 0, '2021-04-12 15:18:17', 0, '2021-04-12 15:18:17', 3685.00, 3885.00, 8503, 432);
insert into mallProduct.mall_goods_property (goods_property_id, goods_id, goods_property_name, goods_property_value, create_user, create_time, update_user, update_time, original_price, selling_price, stock_num, selled_stock_num) values (30, 31, '', '[{"key":"容量","value":"1L"}]', 0, '2021-04-12 15:18:17', 0, '2021-04-12 15:18:17', 7884.00, 8084.00, 4719, 281);
insert into mallProduct.mall_goods_property (goods_property_id, goods_id, goods_property_name, goods_property_value, create_user, create_time, update_user, update_time, original_price, selling_price, stock_num, selled_stock_num) values (31, 32, '', '[{"key":"容量","value":"1L"}]', 0, '2021-04-12 15:18:17', 0, '2021-04-12 15:18:17', 5544.00, 5744.00, 9594, 421);
insert into mallProduct.mall_goods_property (goods_property_id, goods_id, goods_property_name, goods_property_value, create_user, create_time, update_user, update_time, original_price, selling_price, stock_num, selled_stock_num) values (32, 33, '', '[{"key":"容量","value":"1L"}]', 0, '2021-04-12 15:18:17', 0, '2021-04-12 15:18:17', 2306.00, 2506.00, 7189, 239);
insert into mallProduct.mall_goods_property (goods_property_id, goods_id, goods_property_name, goods_property_value, create_user, create_time, update_user, update_time, original_price, selling_price, stock_num, selled_stock_num) values (33, 34, '', '[{"key":"容量","value":"1L"}]', 0, '2021-04-12 15:18:17', 0, '2021-04-12 15:18:17', 4777.00, 4977.00, 1880, 494);
insert into mallProduct.mall_goods_property (goods_property_id, goods_id, goods_property_name, goods_property_value, create_user, create_time, update_user, update_time, original_price, selling_price, stock_num, selled_stock_num) values (34, 35, '', '[{"key":"容量","value":"1L"}]', 0, '2021-04-12 15:18:18', 0, '2021-04-12 15:18:18', 9161.00, 9361.00, 9831, 445);
insert into mallProduct.mall_goods_property (goods_property_id, goods_id, goods_property_name, goods_property_value, create_user, create_time, update_user, update_time, original_price, selling_price, stock_num, selled_stock_num) values (35, 36, '', '[{"key":"容量","value":"1L"}]', 0, '2021-04-12 15:18:18', 0, '2021-04-12 15:18:18', 7476.00, 7676.00, 5653, 357);
insert into mallProduct.mall_goods_property (goods_property_id, goods_id, goods_property_name, goods_property_value, create_user, create_time, update_user, update_time, original_price, selling_price, stock_num, selled_stock_num) values (36, 37, '', '[{"key":"容量","value":"1L"}]', 0, '2021-04-12 15:18:18', 0, '2021-04-12 15:18:18', 1077.00, 1277.00, 2579, 462);
insert into mallProduct.mall_goods_property (goods_property_id, goods_id, goods_property_name, goods_property_value, create_user, create_time, update_user, update_time, original_price, selling_price, stock_num, selled_stock_num) values (37, 38, '', '[{"key":"容量","value":"1L"}]', 0, '2021-04-12 15:18:18', 0, '2021-04-12 15:18:18', 6871.00, 7071.00, 8496, 240);
insert into mallProduct.mall_goods_property (goods_property_id, goods_id, goods_property_name, goods_property_value, create_user, create_time, update_user, update_time, original_price, selling_price, stock_num, selled_stock_num) values (38, 39, '', '[{"key":"容量","value":"1L"}]', 0, '2021-04-12 15:18:18', 0, '2021-04-12 15:18:18', 9941.00, 10141.00, 3907, 335);
insert into mallProduct.mall_goods_property (goods_property_id, goods_id, goods_property_name, goods_property_value, create_user, create_time, update_user, update_time, original_price, selling_price, stock_num, selled_stock_num) values (39, 40, '', '[{"key":"容量","value":"1L"}]', 0, '2021-04-12 15:18:18', 0, '2021-04-12 15:18:18', 1438.00, 1638.00, 7849, 397);
insert into mallProduct.mall_goods_property (goods_property_id, goods_id, goods_property_name, goods_property_value, create_user, create_time, update_user, update_time, original_price, selling_price, stock_num, selled_stock_num) values (40, 41, '', '[{"key":"容量","value":"1L"}]', 0, '2021-04-12 15:18:18', 0, '2021-04-12 15:18:18', 2941.00, 3141.00, 1865, 465);
insert into mallProduct.mall_goods_property (goods_property_id, goods_id, goods_property_name, goods_property_value, create_user, create_time, update_user, update_time, original_price, selling_price, stock_num, selled_stock_num) values (41, 42, '', '[{"key":"容量","value":"1L"}]', 0, '2021-04-12 15:18:18', 0, '2021-04-12 15:18:18', 7459.00, 7659.00, 7332, 246);
insert into mallProduct.mall_goods_property (goods_property_id, goods_id, goods_property_name, goods_property_value, create_user, create_time, update_user, update_time, original_price, selling_price, stock_num, selled_stock_num) values (42, 43, '', '[{"key":"容量","value":"1L"}]', 0, '2021-04-12 15:18:18', 0, '2021-04-12 15:18:18', 5507.00, 5707.00, 2798, 210);
insert into mallProduct.mall_goods_property (goods_property_id, goods_id, goods_property_name, goods_property_value, create_user, create_time, update_user, update_time, original_price, selling_price, stock_num, selled_stock_num) values (43, 44, '', '[{"key":"容量","value":"1L"}]', 0, '2021-04-12 15:18:18', 0, '2021-04-12 15:18:18', 6273.00, 6473.00, 1706, 250);
insert into mallProduct.mall_goods_property (goods_property_id, goods_id, goods_property_name, goods_property_value, create_user, create_time, update_user, update_time, original_price, selling_price, stock_num, selled_stock_num) values (44, 45, '', '[{"key":"容量","value":"1L"}]', 0, '2021-04-12 15:18:18', 0, '2021-04-12 15:18:18', 6412.00, 6612.00, 8958, 425);
insert into mallProduct.mall_goods_property (goods_property_id, goods_id, goods_property_name, goods_property_value, create_user, create_time, update_user, update_time, original_price, selling_price, stock_num, selled_stock_num) values (45, 46, '', '[{"key":"容量","value":"1L"}]', 0, '2021-04-12 15:18:18', 0, '2021-04-12 15:18:18', 6275.00, 6475.00, 9142, 250);
insert into mallProduct.mall_goods_property (goods_property_id, goods_id, goods_property_name, goods_property_value, create_user, create_time, update_user, update_time, original_price, selling_price, stock_num, selled_stock_num) values (46, 47, '', '[{"key":"容量","value":"1L"}]', 0, '2021-04-12 15:18:18', 0, '2021-04-12 15:18:18', 3962.00, 4162.00, 3201, 302);
insert into mallProduct.mall_goods_property (goods_property_id, goods_id, goods_property_name, goods_property_value, create_user, create_time, update_user, update_time, original_price, selling_price, stock_num, selled_stock_num) values (47, 48, '', '[{"key":"容量","value":"1L"}]', 0, '2021-04-12 15:18:18', 0, '2021-04-12 15:18:18', 3923.00, 4123.00, 2024, 236);
insert into mallProduct.mall_goods_property (goods_property_id, goods_id, goods_property_name, goods_property_value, create_user, create_time, update_user, update_time, original_price, selling_price, stock_num, selled_stock_num) values (48, 49, '', '[{"key":"容量","value":"1L"}]', 0, '2021-04-12 15:18:18', 0, '2021-04-12 15:18:18', 1355.00, 1555.00, 6561, 314);
insert into mallProduct.mall_goods_property (goods_property_id, goods_id, goods_property_name, goods_property_value, create_user, create_time, update_user, update_time, original_price, selling_price, stock_num, selled_stock_num) values (49, 50, '', '[{"key":"容量","value":"1L"}]', 0, '2021-04-12 15:18:18', 0, '2021-04-12 15:18:18', 3679.00, 3879.00, 5743, 310);
insert into mallProduct.mall_goods_property (goods_property_id, goods_id, goods_property_name, goods_property_value, create_user, create_time, update_user, update_time, original_price, selling_price, stock_num, selled_stock_num) values (50, 51, '', '[{"key":"容量","value":"1L"}]', 0, '2021-04-12 15:18:18', 0, '2021-05-15 14:48:37', 3860.00, 4060.00, 4889, 246);
insert into mallProduct.mall_goods_property (goods_property_id, goods_id, goods_property_name, goods_property_value, create_user, create_time, update_user, update_time, original_price, selling_price, stock_num, selled_stock_num) values (51, 52, '', '[{"key":"容量","value":"1L"}]', 0, '2021-04-12 15:18:18', 0, '2021-04-12 15:18:18', 1555.00, 1755.00, 3513, 473);
insert into mallProduct.mall_goods_property (goods_property_id, goods_id, goods_property_name, goods_property_value, create_user, create_time, update_user, update_time, original_price, selling_price, stock_num, selled_stock_num) values (52, 53, '', '[{"key":"容量","value":"1L"}]', 0, '2021-04-12 15:18:18', 0, '2021-04-12 15:18:18', 9305.00, 9505.00, 8314, 267);
insert into mallProduct.mall_goods_property (goods_property_id, goods_id, goods_property_name, goods_property_value, create_user, create_time, update_user, update_time, original_price, selling_price, stock_num, selled_stock_num) values (53, 4, '', '[{"key":"容量","value":"2L"}]', 0, '2021-04-12 15:18:18', 0, '2021-04-12 15:18:18', 1208.00, 1408.00, 4828, 447);
insert into mallProduct.mall_goods_property (goods_property_id, goods_id, goods_property_name, goods_property_value, create_user, create_time, update_user, update_time, original_price, selling_price, stock_num, selled_stock_num) values (54, 5, '', '[{"key":"容量","value":"2L"}]', 0, '2021-04-12 15:18:18', 0, '2021-04-12 15:18:18', 3623.00, 3823.00, 1067, 465);
insert into mallProduct.mall_goods_property (goods_property_id, goods_id, goods_property_name, goods_property_value, create_user, create_time, update_user, update_time, original_price, selling_price, stock_num, selled_stock_num) values (55, 6, '', '[{"key":"容量","value":"2L"}]', 0, '2021-04-12 15:18:18', 0, '2021-04-12 15:18:18', 6631.00, 6831.00, 2065, 389);
insert into mallProduct.mall_goods_property (goods_property_id, goods_id, goods_property_name, goods_property_value, create_user, create_time, update_user, update_time, original_price, selling_price, stock_num, selled_stock_num) values (56, 7, '', '[{"key":"容量","value":"2L"}]', 0, '2021-04-12 15:18:18', 0, '2021-05-15 14:50:46', 2534.00, 2734.00, 2371, 409);
insert into mallProduct.mall_goods_property (goods_property_id, goods_id, goods_property_name, goods_property_value, create_user, create_time, update_user, update_time, original_price, selling_price, stock_num, selled_stock_num) values (57, 8, '', '[{"key":"容量","value":"2L"}]', 0, '2021-04-12 15:18:18', 0, '2021-04-12 15:18:18', 5933.00, 6133.00, 2920, 410);
insert into mallProduct.mall_goods_property (goods_property_id, goods_id, goods_property_name, goods_property_value, create_user, create_time, update_user, update_time, original_price, selling_price, stock_num, selled_stock_num) values (58, 9, '', '[{"key":"容量","value":"2L"}]', 0, '2021-04-12 15:18:18', 0, '2021-04-12 15:18:18', 9587.00, 9787.00, 6333, 225);
insert into mallProduct.mall_goods_property (goods_property_id, goods_id, goods_property_name, goods_property_value, create_user, create_time, update_user, update_time, original_price, selling_price, stock_num, selled_stock_num) values (59, 10, '', '[{"key":"容量","value":"2L"}]', 0, '2021-04-12 15:18:18', 0, '2021-04-12 15:18:18', 4372.00, 4572.00, 4950, 204);
insert into mallProduct.mall_goods_property (goods_property_id, goods_id, goods_property_name, goods_property_value, create_user, create_time, update_user, update_time, original_price, selling_price, stock_num, selled_stock_num) values (60, 11, '', '[{"key":"容量","value":"2L"}]', 0, '2021-04-12 15:18:18', 0, '2021-04-12 15:18:18', 1496.00, 1696.00, 8603, 218);
insert into mallProduct.mall_goods_property (goods_property_id, goods_id, goods_property_name, goods_property_value, create_user, create_time, update_user, update_time, original_price, selling_price, stock_num, selled_stock_num) values (61, 12, '', '[{"key":"容量","value":"2L"}]', 0, '2021-04-12 15:18:18', 0, '2021-04-12 15:18:18', 2273.00, 2473.00, 1260, 264);
insert into mallProduct.mall_goods_property (goods_property_id, goods_id, goods_property_name, goods_property_value, create_user, create_time, update_user, update_time, original_price, selling_price, stock_num, selled_stock_num) values (62, 13, '', '[{"key":"容量","value":"2L"}]', 0, '2021-04-12 15:18:18', 0, '2021-04-12 15:18:18', 8209.00, 8409.00, 2554, 457);
insert into mallProduct.mall_goods_property (goods_property_id, goods_id, goods_property_name, goods_property_value, create_user, create_time, update_user, update_time, original_price, selling_price, stock_num, selled_stock_num) values (63, 14, '', '[{"key":"容量","value":"2L"}]', 0, '2021-04-12 15:18:18', 0, '2021-04-12 15:18:18', 4808.00, 5008.00, 1053, 239);
insert into mallProduct.mall_goods_property (goods_property_id, goods_id, goods_property_name, goods_property_value, create_user, create_time, update_user, update_time, original_price, selling_price, stock_num, selled_stock_num) values (64, 15, '', '[{"key":"容量","value":"2L"}]', 0, '2021-04-12 15:18:18', 0, '2021-04-12 15:18:18', 2921.00, 3121.00, 2127, 353);
insert into mallProduct.mall_goods_property (goods_property_id, goods_id, goods_property_name, goods_property_value, create_user, create_time, update_user, update_time, original_price, selling_price, stock_num, selled_stock_num) values (65, 16, '', '[{"key":"容量","value":"2L"}]', 0, '2021-04-12 15:18:18', 0, '2021-04-12 15:18:18', 9686.00, 9886.00, 2392, 498);
insert into mallProduct.mall_goods_property (goods_property_id, goods_id, goods_property_name, goods_property_value, create_user, create_time, update_user, update_time, original_price, selling_price, stock_num, selled_stock_num) values (66, 17, '', '[{"key":"容量","value":"2L"}]', 0, '2021-04-12 15:18:18', 0, '2021-04-12 15:18:18', 9570.00, 9770.00, 8728, 458);
insert into mallProduct.mall_goods_property (goods_property_id, goods_id, goods_property_name, goods_property_value, create_user, create_time, update_user, update_time, original_price, selling_price, stock_num, selled_stock_num) values (67, 18, '', '[{"key":"容量","value":"2L"}]', 0, '2021-04-12 15:18:19', 0, '2021-04-12 15:18:19', 7534.00, 7734.00, 7522, 385);
insert into mallProduct.mall_goods_property (goods_property_id, goods_id, goods_property_name, goods_property_value, create_user, create_time, update_user, update_time, original_price, selling_price, stock_num, selled_stock_num) values (68, 19, '', '[{"key":"容量","value":"2L"}]', 0, '2021-04-12 15:18:19', 0, '2021-04-12 15:18:19', 7355.00, 7555.00, 9451, 397);
insert into mallProduct.mall_goods_property (goods_property_id, goods_id, goods_property_name, goods_property_value, create_user, create_time, update_user, update_time, original_price, selling_price, stock_num, selled_stock_num) values (69, 20, '', '[{"key":"容量","value":"2L"}]', 0, '2021-04-12 15:18:19', 0, '2021-04-12 15:18:19', 9095.00, 9295.00, 2959, 340);
insert into mallProduct.mall_goods_property (goods_property_id, goods_id, goods_property_name, goods_property_value, create_user, create_time, update_user, update_time, original_price, selling_price, stock_num, selled_stock_num) values (70, 21, '', '[{"key":"容量","value":"2L"}]', 0, '2021-04-12 15:18:19', 0, '2021-04-12 15:18:19', 6335.00, 6535.00, 9214, 364);
insert into mallProduct.mall_goods_property (goods_property_id, goods_id, goods_property_name, goods_property_value, create_user, create_time, update_user, update_time, original_price, selling_price, stock_num, selled_stock_num) values (71, 22, '', '[{"key":"容量","value":"2L"}]', 0, '2021-04-12 15:18:19', 0, '2021-04-12 15:18:19', 3499.00, 3699.00, 3103, 224);
insert into mallProduct.mall_goods_property (goods_property_id, goods_id, goods_property_name, goods_property_value, create_user, create_time, update_user, update_time, original_price, selling_price, stock_num, selled_stock_num) values (72, 23, '', '[{"key":"容量","value":"2L"}]', 0, '2021-04-12 15:18:19', 0, '2021-04-12 15:18:19', 9149.00, 9349.00, 5456, 269);
insert into mallProduct.mall_goods_property (goods_property_id, goods_id, goods_property_name, goods_property_value, create_user, create_time, update_user, update_time, original_price, selling_price, stock_num, selled_stock_num) values (73, 24, '', '[{"key":"容量","value":"2L"}]', 0, '2021-04-12 15:18:19', 0, '2021-04-12 15:18:19', 8816.00, 9016.00, 1617, 421);
insert into mallProduct.mall_goods_property (goods_property_id, goods_id, goods_property_name, goods_property_value, create_user, create_time, update_user, update_time, original_price, selling_price, stock_num, selled_stock_num) values (74, 25, '', '[{"key":"容量","value":"2L"}]', 0, '2021-04-12 15:18:19', 0, '2021-04-12 15:18:19', 6778.00, 6978.00, 5884, 407);
insert into mallProduct.mall_goods_property (goods_property_id, goods_id, goods_property_name, goods_property_value, create_user, create_time, update_user, update_time, original_price, selling_price, stock_num, selled_stock_num) values (75, 26, '', '[{"key":"容量","value":"2L"}]', 0, '2021-04-12 15:18:19', 0, '2021-04-12 15:18:19', 9367.00, 9567.00, 4034, 301);
insert into mallProduct.mall_goods_property (goods_property_id, goods_id, goods_property_name, goods_property_value, create_user, create_time, update_user, update_time, original_price, selling_price, stock_num, selled_stock_num) values (76, 27, '', '[{"key":"容量","value":"2L"}]', 0, '2021-04-12 15:18:19', 0, '2021-04-12 15:18:19', 8026.00, 8226.00, 3257, 230);
insert into mallProduct.mall_goods_property (goods_property_id, goods_id, goods_property_name, goods_property_value, create_user, create_time, update_user, update_time, original_price, selling_price, stock_num, selled_stock_num) values (77, 28, '', '[{"key":"容量","value":"2L"}]', 0, '2021-04-12 15:18:19', 0, '2021-04-12 15:18:19', 9366.00, 9566.00, 1880, 250);
insert into mallProduct.mall_goods_property (goods_property_id, goods_id, goods_property_name, goods_property_value, create_user, create_time, update_user, update_time, original_price, selling_price, stock_num, selled_stock_num) values (78, 29, '', '[{"key":"容量","value":"2L"}]', 0, '2021-04-12 15:18:19', 0, '2021-04-12 15:18:19', 3380.00, 3580.00, 5055, 328);
insert into mallProduct.mall_goods_property (goods_property_id, goods_id, goods_property_name, goods_property_value, create_user, create_time, update_user, update_time, original_price, selling_price, stock_num, selled_stock_num) values (79, 30, '', '[{"key":"容量","value":"2L"}]', 0, '2021-04-12 15:18:19', 0, '2021-04-12 15:18:19', 2082.00, 2282.00, 9554, 281);
insert into mallProduct.mall_goods_property (goods_property_id, goods_id, goods_property_name, goods_property_value, create_user, create_time, update_user, update_time, original_price, selling_price, stock_num, selled_stock_num) values (80, 31, '', '[{"key":"容量","value":"2L"}]', 0, '2021-04-12 15:18:19', 0, '2021-04-12 15:18:19', 7755.00, 7955.00, 1168, 356);
insert into mallProduct.mall_goods_property (goods_property_id, goods_id, goods_property_name, goods_property_value, create_user, create_time, update_user, update_time, original_price, selling_price, stock_num, selled_stock_num) values (81, 32, '', '[{"key":"容量","value":"2L"}]', 0, '2021-04-12 15:18:19', 0, '2021-04-12 15:18:19', 6850.00, 7050.00, 6797, 498);
insert into mallProduct.mall_goods_property (goods_property_id, goods_id, goods_property_name, goods_property_value, create_user, create_time, update_user, update_time, original_price, selling_price, stock_num, selled_stock_num) values (82, 33, '', '[{"key":"容量","value":"2L"}]', 0, '2021-04-12 15:18:19', 0, '2021-04-12 15:18:19', 3889.00, 4089.00, 5093, 378);
insert into mallProduct.mall_goods_property (goods_property_id, goods_id, goods_property_name, goods_property_value, create_user, create_time, update_user, update_time, original_price, selling_price, stock_num, selled_stock_num) values (83, 34, '', '[{"key":"容量","value":"2L"}]', 0, '2021-04-12 15:18:19', 0, '2021-04-12 15:18:19', 1233.00, 1433.00, 6732, 421);
insert into mallProduct.mall_goods_property (goods_property_id, goods_id, goods_property_name, goods_property_value, create_user, create_time, update_user, update_time, original_price, selling_price, stock_num, selled_stock_num) values (84, 35, '', '[{"key":"容量","value":"2L"}]', 0, '2021-04-12 15:18:19', 0, '2021-04-12 15:18:19', 3303.00, 3503.00, 1749, 496);
insert into mallProduct.mall_goods_property (goods_property_id, goods_id, goods_property_name, goods_property_value, create_user, create_time, update_user, update_time, original_price, selling_price, stock_num, selled_stock_num) values (85, 36, '', '[{"key":"容量","value":"2L"}]', 0, '2021-04-12 15:18:19', 0, '2021-04-12 15:18:19', 7503.00, 7703.00, 6081, 464);
insert into mallProduct.mall_goods_property (goods_property_id, goods_id, goods_property_name, goods_property_value, create_user, create_time, update_user, update_time, original_price, selling_price, stock_num, selled_stock_num) values (86, 37, '', '[{"key":"容量","value":"2L"}]', 0, '2021-04-12 15:18:19', 0, '2021-04-12 15:18:19', 5756.00, 5956.00, 4945, 318);
insert into mallProduct.mall_goods_property (goods_property_id, goods_id, goods_property_name, goods_property_value, create_user, create_time, update_user, update_time, original_price, selling_price, stock_num, selled_stock_num) values (87, 38, '', '[{"key":"容量","value":"2L"}]', 0, '2021-04-12 15:18:19', 0, '2021-04-12 15:18:19', 4426.00, 4626.00, 3159, 303);
insert into mallProduct.mall_goods_property (goods_property_id, goods_id, goods_property_name, goods_property_value, create_user, create_time, update_user, update_time, original_price, selling_price, stock_num, selled_stock_num) values (88, 39, '', '[{"key":"容量","value":"2L"}]', 0, '2021-04-12 15:18:19', 0, '2021-04-12 15:18:19', 1613.00, 1813.00, 4636, 266);
insert into mallProduct.mall_goods_property (goods_property_id, goods_id, goods_property_name, goods_property_value, create_user, create_time, update_user, update_time, original_price, selling_price, stock_num, selled_stock_num) values (89, 40, '', '[{"key":"容量","value":"2L"}]', 0, '2021-04-12 15:18:19', 0, '2021-04-12 15:18:19', 7933.00, 8133.00, 7652, 272);
insert into mallProduct.mall_goods_property (goods_property_id, goods_id, goods_property_name, goods_property_value, create_user, create_time, update_user, update_time, original_price, selling_price, stock_num, selled_stock_num) values (90, 41, '', '[{"key":"容量","value":"2L"}]', 0, '2021-04-12 15:18:19', 0, '2021-04-12 15:18:19', 6922.00, 7122.00, 1562, 359);
insert into mallProduct.mall_goods_property (goods_property_id, goods_id, goods_property_name, goods_property_value, create_user, create_time, update_user, update_time, original_price, selling_price, stock_num, selled_stock_num) values (91, 42, '', '[{"key":"容量","value":"2L"}]', 0, '2021-04-12 15:18:19', 0, '2021-04-12 15:18:19', 3809.00, 4009.00, 6181, 359);
insert into mallProduct.mall_goods_property (goods_property_id, goods_id, goods_property_name, goods_property_value, create_user, create_time, update_user, update_time, original_price, selling_price, stock_num, selled_stock_num) values (92, 43, '', '[{"key":"容量","value":"2L"}]', 0, '2021-04-12 15:18:19', 0, '2021-04-12 15:18:19', 2138.00, 2338.00, 2776, 383);
insert into mallProduct.mall_goods_property (goods_property_id, goods_id, goods_property_name, goods_property_value, create_user, create_time, update_user, update_time, original_price, selling_price, stock_num, selled_stock_num) values (93, 44, '', '[{"key":"容量","value":"2L"}]', 0, '2021-04-12 15:18:19', 0, '2021-04-12 15:18:19', 4928.00, 5128.00, 4260, 445);
insert into mallProduct.mall_goods_property (goods_property_id, goods_id, goods_property_name, goods_property_value, create_user, create_time, update_user, update_time, original_price, selling_price, stock_num, selled_stock_num) values (94, 45, '', '[{"key":"容量","value":"2L"}]', 0, '2021-04-12 15:18:20', 0, '2021-04-12 15:18:20', 1311.00, 1511.00, 6919, 259);
insert into mallProduct.mall_goods_property (goods_property_id, goods_id, goods_property_name, goods_property_value, create_user, create_time, update_user, update_time, original_price, selling_price, stock_num, selled_stock_num) values (95, 46, '', '[{"key":"容量","value":"2L"}]', 0, '2021-04-12 15:18:20', 0, '2021-04-12 15:18:20', 1636.00, 1836.00, 9572, 224);
insert into mallProduct.mall_goods_property (goods_property_id, goods_id, goods_property_name, goods_property_value, create_user, create_time, update_user, update_time, original_price, selling_price, stock_num, selled_stock_num) values (96, 47, '', '[{"key":"容量","value":"2L"}]', 0, '2021-04-12 15:18:20', 0, '2021-04-12 15:18:20', 3209.00, 3409.00, 3550, 289);
insert into mallProduct.mall_goods_property (goods_property_id, goods_id, goods_property_name, goods_property_value, create_user, create_time, update_user, update_time, original_price, selling_price, stock_num, selled_stock_num) values (97, 48, '', '[{"key":"容量","value":"2L"}]', 0, '2021-04-12 15:18:20', 0, '2021-04-12 15:18:20', 1643.00, 1843.00, 2319, 415);
insert into mallProduct.mall_goods_property (goods_property_id, goods_id, goods_property_name, goods_property_value, create_user, create_time, update_user, update_time, original_price, selling_price, stock_num, selled_stock_num) values (98, 49, '', '[{"key":"容量","value":"2L"}]', 0, '2021-04-12 15:18:20', 0, '2021-04-12 15:18:20', 8897.00, 9097.00, 5063, 271);
insert into mallProduct.mall_goods_property (goods_property_id, goods_id, goods_property_name, goods_property_value, create_user, create_time, update_user, update_time, original_price, selling_price, stock_num, selled_stock_num) values (99, 50, '', '[{"key":"容量","value":"2L"}]', 0, '2021-04-12 15:18:20', 0, '2021-04-12 15:18:20', 1922.00, 2122.00, 8148, 307);
insert into mallProduct.mall_goods_property (goods_property_id, goods_id, goods_property_name, goods_property_value, create_user, create_time, update_user, update_time, original_price, selling_price, stock_num, selled_stock_num) values (100, 51, '', '[{"key":"容量","value":"2L"}]', 0, '2021-04-12 15:18:20', 0, '2021-04-12 15:18:20', 1068.00, 1268.00, 2578, 298);
insert into mallProduct.mall_goods_property (goods_property_id, goods_id, goods_property_name, goods_property_value, create_user, create_time, update_user, update_time, original_price, selling_price, stock_num, selled_stock_num) values (101, 52, '', '[{"key":"容量","value":"2L"}]', 0, '2021-04-12 15:18:20', 0, '2021-04-12 15:18:20', 8500.00, 8700.00, 8938, 282);
insert into mallProduct.mall_goods_property (goods_property_id, goods_id, goods_property_name, goods_property_value, create_user, create_time, update_user, update_time, original_price, selling_price, stock_num, selled_stock_num) values (102, 53, '', '[{"key":"容量","value":"2L"}]', 0, '2021-04-12 15:18:20', 0, '2021-04-12 15:18:20', 4299.00, 4499.00, 9816, 269);

insert into mallProduct.mall_goods_property_relate (goods_property_relate_id, goods_id, category_property_id, goods_property_relate_name, goods_property_relate_value) values (1, 3, 2, '容量', '1L,2L');
insert into mallProduct.mall_goods_property_relate (goods_property_relate_id, goods_id, category_property_id, goods_property_relate_name, goods_property_relate_value) values (2, 4, 2, '容量', '1L,2L');
insert into mallProduct.mall_goods_property_relate (goods_property_relate_id, goods_id, category_property_id, goods_property_relate_name, goods_property_relate_value) values (3, 5, 2, '容量', '1L,2L');
insert into mallProduct.mall_goods_property_relate (goods_property_relate_id, goods_id, category_property_id, goods_property_relate_name, goods_property_relate_value) values (4, 6, 2, '容量', '1L,2L');
insert into mallProduct.mall_goods_property_relate (goods_property_relate_id, goods_id, category_property_id, goods_property_relate_name, goods_property_relate_value) values (5, 7, 2, '容量', '1L,2L');
insert into mallProduct.mall_goods_property_relate (goods_property_relate_id, goods_id, category_property_id, goods_property_relate_name, goods_property_relate_value) values (6, 8, 2, '容量', '1L,2L');
insert into mallProduct.mall_goods_property_relate (goods_property_relate_id, goods_id, category_property_id, goods_property_relate_name, goods_property_relate_value) values (7, 9, 2, '容量', '1L,2L');
insert into mallProduct.mall_goods_property_relate (goods_property_relate_id, goods_id, category_property_id, goods_property_relate_name, goods_property_relate_value) values (8, 10, 2, '容量', '1L,2L');
insert into mallProduct.mall_goods_property_relate (goods_property_relate_id, goods_id, category_property_id, goods_property_relate_name, goods_property_relate_value) values (9, 11, 2, '容量', '1L,2L');
insert into mallProduct.mall_goods_property_relate (goods_property_relate_id, goods_id, category_property_id, goods_property_relate_name, goods_property_relate_value) values (10, 12, 2, '容量', '1L,2L');
insert into mallProduct.mall_goods_property_relate (goods_property_relate_id, goods_id, category_property_id, goods_property_relate_name, goods_property_relate_value) values (11, 13, 2, '容量', '1L,2L');
insert into mallProduct.mall_goods_property_relate (goods_property_relate_id, goods_id, category_property_id, goods_property_relate_name, goods_property_relate_value) values (12, 14, 2, '容量', '1L,2L');
insert into mallProduct.mall_goods_property_relate (goods_property_relate_id, goods_id, category_property_id, goods_property_relate_name, goods_property_relate_value) values (13, 15, 2, '容量', '1L,2L');
insert into mallProduct.mall_goods_property_relate (goods_property_relate_id, goods_id, category_property_id, goods_property_relate_name, goods_property_relate_value) values (14, 16, 2, '容量', '1L,2L');
insert into mallProduct.mall_goods_property_relate (goods_property_relate_id, goods_id, category_property_id, goods_property_relate_name, goods_property_relate_value) values (15, 17, 2, '容量', '1L,2L');
insert into mallProduct.mall_goods_property_relate (goods_property_relate_id, goods_id, category_property_id, goods_property_relate_name, goods_property_relate_value) values (16, 18, 2, '容量', '1L,2L');
insert into mallProduct.mall_goods_property_relate (goods_property_relate_id, goods_id, category_property_id, goods_property_relate_name, goods_property_relate_value) values (17, 19, 2, '容量', '1L,2L');
insert into mallProduct.mall_goods_property_relate (goods_property_relate_id, goods_id, category_property_id, goods_property_relate_name, goods_property_relate_value) values (18, 20, 2, '容量', '1L,2L');
insert into mallProduct.mall_goods_property_relate (goods_property_relate_id, goods_id, category_property_id, goods_property_relate_name, goods_property_relate_value) values (19, 21, 2, '容量', '1L,2L');
insert into mallProduct.mall_goods_property_relate (goods_property_relate_id, goods_id, category_property_id, goods_property_relate_name, goods_property_relate_value) values (20, 22, 2, '容量', '1L,2L');
insert into mallProduct.mall_goods_property_relate (goods_property_relate_id, goods_id, category_property_id, goods_property_relate_name, goods_property_relate_value) values (21, 23, 2, '容量', '1L,2L');
insert into mallProduct.mall_goods_property_relate (goods_property_relate_id, goods_id, category_property_id, goods_property_relate_name, goods_property_relate_value) values (22, 24, 2, '容量', '1L,2L');
insert into mallProduct.mall_goods_property_relate (goods_property_relate_id, goods_id, category_property_id, goods_property_relate_name, goods_property_relate_value) values (23, 25, 2, '容量', '1L,2L');
insert into mallProduct.mall_goods_property_relate (goods_property_relate_id, goods_id, category_property_id, goods_property_relate_name, goods_property_relate_value) values (24, 26, 2, '容量', '1L,2L');
insert into mallProduct.mall_goods_property_relate (goods_property_relate_id, goods_id, category_property_id, goods_property_relate_name, goods_property_relate_value) values (25, 27, 2, '容量', '1L,2L');
insert into mallProduct.mall_goods_property_relate (goods_property_relate_id, goods_id, category_property_id, goods_property_relate_name, goods_property_relate_value) values (26, 28, 2, '容量', '1L,2L');
insert into mallProduct.mall_goods_property_relate (goods_property_relate_id, goods_id, category_property_id, goods_property_relate_name, goods_property_relate_value) values (27, 29, 2, '容量', '1L,2L');
insert into mallProduct.mall_goods_property_relate (goods_property_relate_id, goods_id, category_property_id, goods_property_relate_name, goods_property_relate_value) values (28, 30, 2, '容量', '1L,2L');
insert into mallProduct.mall_goods_property_relate (goods_property_relate_id, goods_id, category_property_id, goods_property_relate_name, goods_property_relate_value) values (29, 31, 2, '容量', '1L,2L');
insert into mallProduct.mall_goods_property_relate (goods_property_relate_id, goods_id, category_property_id, goods_property_relate_name, goods_property_relate_value) values (30, 32, 2, '容量', '1L,2L');
insert into mallProduct.mall_goods_property_relate (goods_property_relate_id, goods_id, category_property_id, goods_property_relate_name, goods_property_relate_value) values (31, 33, 2, '容量', '1L,2L');
insert into mallProduct.mall_goods_property_relate (goods_property_relate_id, goods_id, category_property_id, goods_property_relate_name, goods_property_relate_value) values (32, 34, 2, '容量', '1L,2L');
insert into mallProduct.mall_goods_property_relate (goods_property_relate_id, goods_id, category_property_id, goods_property_relate_name, goods_property_relate_value) values (33, 35, 2, '容量', '1L,2L');
insert into mallProduct.mall_goods_property_relate (goods_property_relate_id, goods_id, category_property_id, goods_property_relate_name, goods_property_relate_value) values (34, 36, 2, '容量', '1L,2L');
insert into mallProduct.mall_goods_property_relate (goods_property_relate_id, goods_id, category_property_id, goods_property_relate_name, goods_property_relate_value) values (35, 37, 2, '容量', '1L,2L');
insert into mallProduct.mall_goods_property_relate (goods_property_relate_id, goods_id, category_property_id, goods_property_relate_name, goods_property_relate_value) values (36, 38, 2, '容量', '1L,2L');
insert into mallProduct.mall_goods_property_relate (goods_property_relate_id, goods_id, category_property_id, goods_property_relate_name, goods_property_relate_value) values (37, 39, 2, '容量', '1L,2L');
insert into mallProduct.mall_goods_property_relate (goods_property_relate_id, goods_id, category_property_id, goods_property_relate_name, goods_property_relate_value) values (38, 40, 2, '容量', '1L,2L');
insert into mallProduct.mall_goods_property_relate (goods_property_relate_id, goods_id, category_property_id, goods_property_relate_name, goods_property_relate_value) values (39, 41, 2, '容量', '1L,2L');
insert into mallProduct.mall_goods_property_relate (goods_property_relate_id, goods_id, category_property_id, goods_property_relate_name, goods_property_relate_value) values (40, 42, 2, '容量', '1L,2L');
insert into mallProduct.mall_goods_property_relate (goods_property_relate_id, goods_id, category_property_id, goods_property_relate_name, goods_property_relate_value) values (41, 43, 2, '容量', '1L,2L');
insert into mallProduct.mall_goods_property_relate (goods_property_relate_id, goods_id, category_property_id, goods_property_relate_name, goods_property_relate_value) values (42, 44, 2, '容量', '1L,2L');
insert into mallProduct.mall_goods_property_relate (goods_property_relate_id, goods_id, category_property_id, goods_property_relate_name, goods_property_relate_value) values (43, 45, 2, '容量', '1L,2L');
insert into mallProduct.mall_goods_property_relate (goods_property_relate_id, goods_id, category_property_id, goods_property_relate_name, goods_property_relate_value) values (44, 46, 2, '容量', '1L,2L');
insert into mallProduct.mall_goods_property_relate (goods_property_relate_id, goods_id, category_property_id, goods_property_relate_name, goods_property_relate_value) values (45, 47, 2, '容量', '1L,2L');
insert into mallProduct.mall_goods_property_relate (goods_property_relate_id, goods_id, category_property_id, goods_property_relate_name, goods_property_relate_value) values (46, 48, 2, '容量', '1L,2L');
insert into mallProduct.mall_goods_property_relate (goods_property_relate_id, goods_id, category_property_id, goods_property_relate_name, goods_property_relate_value) values (47, 49, 2, '容量', '1L,2L');
insert into mallProduct.mall_goods_property_relate (goods_property_relate_id, goods_id, category_property_id, goods_property_relate_name, goods_property_relate_value) values (48, 50, 2, '容量', '1L,2L');
insert into mallProduct.mall_goods_property_relate (goods_property_relate_id, goods_id, category_property_id, goods_property_relate_name, goods_property_relate_value) values (49, 51, 2, '容量', '1L,2L');
insert into mallProduct.mall_goods_property_relate (goods_property_relate_id, goods_id, category_property_id, goods_property_relate_name, goods_property_relate_value) values (50, 52, 2, '容量', '1L,2L');
insert into mallProduct.mall_goods_property_relate (goods_property_relate_id, goods_id, category_property_id, goods_property_relate_name, goods_property_relate_value) values (51, 53, 2, '容量', '1L,2L');

insert into mallProduct.mall_grand (grand_id, grand_name, grand_info, create_time, create_user, update_time, update_user) values (1, 'SUPOR/苏泊尔', '暂无', '2021-03-10 22:32:13', 1, '2021-03-20 12:01:11', 1);
insert into mallProduct.mall_grand (grand_id, grand_name, grand_info, create_time, create_user, update_time, update_user) values (2, 'MIDEA/美的', '暂无', '2021-03-13 10:31:11', 1, '2021-05-13 15:32:17', 1);
insert into mallProduct.mall_grand (grand_id, grand_name, grand_info, create_time, create_user, update_time, update_user) values (3, 'JOYOUNG/九阳', '暂无', '2021-03-20 12:01:11', 1, '2021-05-13 15:32:17', 0);
insert into mallProduct.mall_grand (grand_id, grand_name, grand_info, create_time, create_user, update_time, update_user) values (4, 'MIJA/米家', '暂无', '2021-03-20 12:01:11', 1, '2021-05-13 15:32:17', 0);
insert into mallProduct.mall_grand (grand_id, grand_name, grand_info, create_time, create_user, update_time, update_user) values (5, '廉宝', '暂无', '2021-03-20 12:01:11', 1, '2021-05-13 15:32:17', 0);
insert into mallProduct.mall_grand (grand_id, grand_name, grand_info, create_time, create_user, update_time, update_user) values (6, '欧帝森', '暂无', '2021-03-20 12:01:11', 1, '2021-05-13 15:32:17', 0);
insert into mallProduct.mall_grand (grand_id, grand_name, grand_info, create_time, create_user, update_time, update_user) values (7, 'BEAR/小熊', '暂无', '2021-03-20 12:01:11', 1, '2021-05-13 15:32:16', 0);
insert into mallProduct.mall_grand (grand_id, grand_name, grand_info, create_time, create_user, update_time, update_user) values (8, 'PANASONIC/松下', '暂无', '2021-03-20 12:01:11', 1, '2021-05-13 15:32:17', 0);
insert into mallProduct.mall_grand (grand_id, grand_name, grand_info, create_time, create_user, update_time, update_user) values (9, '我行', '暂无', '2021-03-20 12:09:50', 1, '2021-05-13 15:32:17', 0);
insert into mallProduct.mall_grand (grand_id, grand_name, grand_info, create_time, create_user, update_time, update_user) values (10, '雅都', '暂无', '2021-03-20 12:09:50', 1, '2021-05-13 15:32:17', 0);

insert into mallProduct.mall_recommend (id, user_id, good_id, preference, create_time) values (1, 4, 15, 27, '2021-05-05 20:06:11');
insert into mallProduct.mall_recommend (id, user_id, good_id, preference, create_time) values (2, 4, 23, 13, '2021-05-08 20:06:11');
insert into mallProduct.mall_recommend (id, user_id, good_id, preference, create_time) values (3, 4, 47, 2, '2021-05-02 20:06:11');
insert into mallProduct.mall_recommend (id, user_id, good_id, preference, create_time) values (4, 4, 5, 5, '2021-05-05 20:06:11');
insert into mallProduct.mall_recommend (id, user_id, good_id, preference, create_time) values (5, 6, 29, 6, '2021-05-05 20:06:11');
insert into mallProduct.mall_recommend (id, user_id, good_id, preference, create_time) values (6, 6, 28, 10, '2021-05-12 20:06:11');
insert into mallProduct.mall_recommend (id, user_id, good_id, preference, create_time) values (7, 6, 27, 6, '2021-05-05 20:06:11');
insert into mallProduct.mall_recommend (id, user_id, good_id, preference, create_time) values (8, 6, 26, 2, '2021-05-05 20:06:11');
insert into mallProduct.mall_recommend (id, user_id, good_id, preference, create_time) values (9, 6, 25, 4, '2021-05-09 20:06:11');
insert into mallProduct.mall_recommend (id, user_id, good_id, preference, create_time) values (10, 6, 23, 4, '2021-05-05 20:06:11');
insert into mallProduct.mall_recommend (id, user_id, good_id, preference, create_time) values (11, 6, 24, 3, '2021-05-05 20:06:11');
insert into mallProduct.mall_recommend (id, user_id, good_id, preference, create_time) values (12, 5, 28, 3, '2021-05-17 20:06:11');
insert into mallProduct.mall_recommend (id, user_id, good_id, preference, create_time) values (13, 5, 15, 6, '2021-05-05 20:06:11');
insert into mallProduct.mall_recommend (id, user_id, good_id, preference, create_time) values (14, 5, 39, 1, '2021-05-05 20:06:11');
insert into mallProduct.mall_recommend (id, user_id, good_id, preference, create_time) values (15, 5, 22, 4, '2021-05-18 20:06:11');
insert into mallProduct.mall_recommend (id, user_id, good_id, preference, create_time) values (16, 5, 16, 1, '2021-05-05 20:06:11');
insert into mallProduct.mall_recommend (id, user_id, good_id, preference, create_time) values (17, 5, 21, 1, '2021-05-05 20:06:11');
insert into mallProduct.mall_recommend (id, user_id, good_id, preference, create_time) values (18, 5, 40, 1, '2021-05-27 20:06:11');
insert into mallProduct.mall_recommend (id, user_id, good_id, preference, create_time) values (19, 5, 47, 2, '2021-05-05 20:06:11');
insert into mallProduct.mall_recommend (id, user_id, good_id, preference, create_time) values (20, 5, 6, 1, '2021-05-05 20:06:11');
insert into mallProduct.mall_recommend (id, user_id, good_id, preference, create_time) values (21, 5, 35, 10, '2021-05-05 20:42:27');
insert into mallProduct.mall_recommend (id, user_id, good_id, preference, create_time) values (22, 5, 17, 1, '2021-05-05 20:42:27');
insert into mallProduct.mall_recommend (id, user_id, good_id, preference, create_time) values (23, 5, 8, 15, '2021-05-05 20:42:27');
insert into mallProduct.mall_recommend (id, user_id, good_id, preference, create_time) values (24, 5, 28, 14, '2021-05-05 20:42:27');
insert into mallProduct.mall_recommend (id, user_id, good_id, preference, create_time) values (25, 5, 34, 6, '2021-05-05 20:42:27');
insert into mallProduct.mall_recommend (id, user_id, good_id, preference, create_time) values (26, 5, 23, 7, '2021-05-05 20:42:27');
insert into mallProduct.mall_recommend (id, user_id, good_id, preference, create_time) values (27, 5, 7, 5, '2021-05-05 20:42:27');
insert into mallProduct.mall_recommend (id, user_id, good_id, preference, create_time) values (28, 6, 30, 1, '2021-05-05 20:42:27');
insert into mallProduct.mall_recommend (id, user_id, good_id, preference, create_time) values (29, 6, 5, 7, '2021-05-05 20:42:27');
insert into mallProduct.mall_recommend (id, user_id, good_id, preference, create_time) values (30, 6, 6, 5, '2021-05-05 20:54:27');
insert into mallProduct.mall_recommend (id, user_id, good_id, preference, create_time) values (31, 6, 8, 1, '2021-05-06 11:49:38');
insert into mallProduct.mall_recommend (id, user_id, good_id, preference, create_time) values (32, 6, 15, 6, '2021-05-06 11:49:38');
insert into mallProduct.mall_recommend (id, user_id, good_id, preference, create_time) values (33, 6, 47, 2, '2021-05-06 11:49:38');
insert into mallProduct.mall_recommend (id, user_id, good_id, preference, create_time) values (34, 6, 9, 1, '2021-05-06 11:50:48');
insert into mallProduct.mall_recommend (id, user_id, good_id, preference, create_time) values (35, 6, 11, 5, '2021-05-06 11:50:48');
insert into mallProduct.mall_recommend (id, user_id, good_id, preference, create_time) values (36, 4, 28, 1, '2021-05-06 12:45:20');
insert into mallProduct.mall_recommend (id, user_id, good_id, preference, create_time) values (37, 4, 3, 4, '2021-05-07 13:01:40');
insert into mallProduct.mall_recommend (id, user_id, good_id, preference, create_time) values (38, 4, 7, 40, '2021-05-10 10:13:19');
insert into mallProduct.mall_recommend (id, user_id, good_id, preference, create_time) values (39, 1, 3, 1, '2021-05-11 17:26:14');
insert into mallProduct.mall_recommend (id, user_id, good_id, preference, create_time) values (40, 4, 51, 6, '2021-05-15 14:47:41');

