-- MySQL dump 10.13  Distrib 8.0.22, for Linux (x86_64)
--
-- Host: localhost    Database: mallProduct
-- ------------------------------------------------------
-- Server version       8.0.22

/*!40101 SET @OLD_CHARACTER_SET_CLIENT=@@CHARACTER_SET_CLIENT */;
/*!40101 SET @OLD_CHARACTER_SET_RESULTS=@@CHARACTER_SET_RESULTS */;
/*!40101 SET @OLD_COLLATION_CONNECTION=@@COLLATION_CONNECTION */;
/*!50503 SET NAMES utf8mb4 */;
/*!40103 SET @OLD_TIME_ZONE=@@TIME_ZONE */;
/*!40103 SET TIME_ZONE='+00:00' */;
/*!40014 SET @OLD_UNIQUE_CHECKS=@@UNIQUE_CHECKS, UNIQUE_CHECKS=0 */;
/*!40014 SET @OLD_FOREIGN_KEY_CHECKS=@@FOREIGN_KEY_CHECKS, FOREIGN_KEY_CHECKS=0 */;
/*!40101 SET @OLD_SQL_MODE=@@SQL_MODE, SQL_MODE='NO_AUTO_VALUE_ON_ZERO' */;
/*!40111 SET @OLD_SQL_NOTES=@@SQL_NOTES, SQL_NOTES=0 */;

--
-- Table structure for table `mall_category_grand`
--

DROP TABLE IF EXISTS `mall_category_grand`;
/*!40101 SET @saved_cs_client     = @@character_set_client */;
/*!50503 SET character_set_client = utf8mb4 */;
CREATE TABLE `mall_category_grand` (
  `category_grand_id` bigint NOT NULL AUTO_INCREMENT COMMENT '分类对应的品牌名称id',
  `category_id` bigint NOT NULL COMMENT '分类id',
  `grand_id` bigint NOT NULL COMMENT '品牌id',
  `create_time` datetime NOT NULL DEFAULT CURRENT_TIMESTAMP COMMENT '创建时间',
  `create_user` int NOT NULL DEFAULT '0' COMMENT '创建者id',
  `update_time` datetime NOT NULL DEFAULT CURRENT_TIMESTAMP ON UPDATE CURRENT_TIMESTAMP COMMENT '修改时间',
  `update_user` int DEFAULT '0' COMMENT '修改者id',
  PRIMARY KEY (`category_grand_id`) USING BTREE
) ENGINE=InnoDB AUTO_INCREMENT=33 DEFAULT CHARSET=utf8 ROW_FORMAT=DYNAMIC;
/*!40101 SET character_set_client = @saved_cs_client */;

--
-- Dumping data for table `mall_category_grand`
--

LOCK TABLES `mall_category_grand` WRITE;
/*!40000 ALTER TABLE `mall_category_grand` DISABLE KEYS */;
INSERT INTO `mall_category_grand` VALUES (1,24,1,'2021-03-20 12:02:19',0,'2021-03-20 12:02:19',0),(2,24,2,'2021-03-20 12:02:19',0,'2021-03-20 12:02:19',0),(3,24,3,'2021-03-20 12:02:19',0,'2021-04-12 10:25:21',0),(4,24,4,'2021-03-20 12:02:19',0,'2021-04-12 10:25:21',0),(5,24,5,'2021-03-20 12:02:19',0,'2021-04-12 10:25:21',0),(6,24,6,'2021-03-20 12:02:19',0,'2021-04-12 10:25:21',0),(7,24,7,'2021-03-20 12:02:19',0,'2021-04-12 10:25:21',0),(8,24,8,'2021-03-20 12:02:19',0,'2021-04-12 10:25:21',0),(10,25,1,'2021-04-12 10:20:33',0,'2021-04-12 10:25:21',0),(11,25,2,'2021-04-12 10:20:33',0,'2021-04-12 10:25:21',0),(12,25,3,'2021-04-12 10:20:33',0,'2021-04-12 10:25:21',0),(13,25,4,'2021-04-12 10:20:33',0,'2021-04-12 10:25:21',0),(14,25,5,'2021-04-12 10:20:33',0,'2021-04-12 10:25:21',0),(15,28,4,'2021-04-12 10:25:21',0,'2021-04-12 10:25:21',0),(16,28,5,'2021-04-12 10:25:21',0,'2021-04-12 10:25:21',0),(17,28,6,'2021-04-12 10:25:21',0,'2021-04-12 10:25:21',0),(18,28,7,'2021-04-12 10:25:21',0,'2021-04-12 10:25:21',0),(19,39,3,'2021-04-12 10:25:21',0,'2021-04-12 10:25:21',0),(20,39,4,'2021-04-12 10:25:21',0,'2021-04-12 10:25:21',0),(21,39,5,'2021-04-12 10:25:21',0,'2021-04-12 10:25:21',0),(22,39,6,'2021-04-12 10:25:21',0,'2021-04-12 10:25:21',0),(23,40,2,'2021-04-12 10:25:21',0,'2021-04-12 10:25:21',0),(24,40,3,'2021-04-12 10:25:21',0,'2021-04-12 10:25:21',0),(25,40,4,'2021-04-12 10:25:21',0,'2021-04-12 10:25:21',0),(26,41,2,'2021-04-12 10:25:21',0,'2021-04-12 10:25:21',0),(27,41,3,'2021-04-12 10:25:21',0,'2021-04-12 10:25:21',0),(28,41,4,'2021-04-12 10:25:21',0,'2021-04-12 10:25:21',0),(29,41,5,'2021-04-12 10:25:21',0,'2021-04-12 10:25:21',0),(30,42,1,'2021-04-12 10:25:21',0,'2021-04-12 10:25:21',0),(31,42,2,'2021-04-12 10:25:21',0,'2021-04-12 10:25:21',0),(32,42,3,'2021-04-12 10:25:21',0,'2021-04-12 10:25:21',0);
/*!40000 ALTER TABLE `mall_category_grand` ENABLE KEYS */;
UNLOCK TABLES;

--
-- Table structure for table `mall_category_param`
--

DROP TABLE IF EXISTS `mall_category_param`;
/*!40101 SET @saved_cs_client     = @@character_set_client */;
/*!50503 SET character_set_client = utf8mb4 */;
CREATE TABLE `mall_category_param` (
  `category_param_id` bigint NOT NULL AUTO_INCREMENT COMMENT '分类参数id',
  `category_id` bigint NOT NULL COMMENT '分类id',
  `category_param_name` varchar(200) NOT NULL DEFAULT '' COMMENT '参数名',
  `category_param_value` varchar(200) NOT NULL DEFAULT '' COMMENT '参数值',
  `create_time` datetime NOT NULL DEFAULT CURRENT_TIMESTAMP COMMENT '创建时间',
  `create_user` int NOT NULL DEFAULT '0' COMMENT '创建者id',
  `update_time` datetime NOT NULL DEFAULT CURRENT_TIMESTAMP ON UPDATE CURRENT_TIMESTAMP COMMENT '修改时间',
  `update_user` int DEFAULT '0' COMMENT '修改者id',
  PRIMARY KEY (`category_param_id`) USING BTREE
) ENGINE=InnoDB AUTO_INCREMENT=26 DEFAULT CHARSET=utf8 ROW_FORMAT=DYNAMIC;
/*!40101 SET character_set_client = @saved_cs_client */;

--
-- Dumping data for table `mall_category_param`
--

LOCK TABLES `mall_category_param` WRITE;
/*!40000 ALTER TABLE `mall_category_param` DISABLE KEYS */;
INSERT INTO `mall_category_param` VALUES (3,24,'功能','控温,定时','2021-03-20 16:55:17',0,'2021-03-20 17:19:10',0),(4,24,'控制方式','机械,触摸,按键','2021-03-20 16:55:17',0,'2021-03-20 17:19:10',0),(6,24,'能效等级','一级,二级,三级','2021-04-12 07:57:52',0,'2021-04-12 07:57:52',0),(7,25,'材质','不锈钢,铝合金,生铁','2021-04-12 08:00:26',0,'2021-04-12 08:00:26',0),(8,25,'功能','保温,定时,预约,不沾,防干烧','2021-04-12 08:00:26',0,'2021-04-12 08:00:26',0),(9,28,'咖啡机类型','胶囊全自动,美式全自动','2021-04-12 08:05:33',0,'2021-04-12 08:05:33',0),(10,28,'款式','全自动,半自动','2021-04-12 08:05:33',0,'2021-04-12 08:05:33',0),(11,28,'材质','不锈钢,合金','2021-04-12 08:05:33',0,'2021-04-12 08:05:33',0),(12,28,'功能','控温,加热','2021-04-12 08:05:33',0,'2021-04-12 08:05:33',0),(13,39,'电视类型','全面屏,量子点电视,VR电视,LED电视,OLED电视','2021-04-12 08:13:43',0,'2021-04-12 08:13:43',0),(14,39,'分辨率','2k高清,4k高清,8k高清,普通高清','2021-04-12 08:13:43',0,'2021-04-12 08:13:43',0),(15,39,'语音遥控类型','遥控器类型,远场语音 遥控,不支持语音遥控','2021-04-12 08:13:43',0,'2021-04-12 08:13:43',0),(16,40,'能效等级','一级,二级,三级,四级','2021-04-12 08:32:58',0,'2021-04-12 08:32:58',0),(17,40,'洗衣机类型','波轮洗衣机,滚筒洗衣机,迷你洗衣机,分区洗洗衣机','2021-04-12 08:32:58',0,'2021-04-12 08:32:58',0),(18,40,'功能','脱 水,烘干,节能,预约,静音','2021-04-12 08:32:58',0,'2021-04-12 08:32:58',0),(19,41,'能效等级','一级,二级,三级,四级','2021-04-12 08:35:46',0,'2021-04-12 08:35:46',0),(20,41,'工作方式','变频,定频','2021-04-12 08:35:46',0,'2021-04-12 08:35:46',0),(21,41,'空调种类','壁挂,柜机,窗机','2021-04-12 08:35:46',0,'2021-04-12 08:35:46',0),(22,41,'功能','定时,净化空气','2021-04-12 08:35:46',0,'2021-04-12 08:35:46',0),(23,42,'能效等级','一级,二级','2021-04-12 08:38:03',0,'2021-04-12 08:38:03',0),(24,42,'烘干方式','热泵,直排,冷凝','2021-04-12 08:38:03',0,'2021-04-12 08:38:03',0),(25,42,'控制方式','微电脑,机械,触摸,遥控','2021-04-12 08:38:03',0,'2021-04-12 08:38:03',0);
/*!40000 ALTER TABLE `mall_category_param` ENABLE KEYS */;
UNLOCK TABLES;

--
-- Table structure for table `mall_category_property`
--

DROP TABLE IF EXISTS `mall_category_property`;
/*!40101 SET @saved_cs_client     = @@character_set_client */;
/*!50503 SET character_set_client = utf8mb4 */;
CREATE TABLE `mall_category_property` (
  `category_property_id` bigint NOT NULL AUTO_INCREMENT COMMENT '分类属性id',
  `category_id` bigint NOT NULL COMMENT '分类id',
  `category_param_name` varchar(200) NOT NULL DEFAULT '' COMMENT '分类参数名',
  `create_time` datetime NOT NULL DEFAULT CURRENT_TIMESTAMP COMMENT '创建时间',
  `update_time` datetime NOT NULL DEFAULT CURRENT_TIMESTAMP ON UPDATE CURRENT_TIMESTAMP COMMENT '修改时间',
  PRIMARY KEY (`category_property_id`) USING BTREE
) ENGINE=InnoDB AUTO_INCREMENT=10 DEFAULT CHARSET=utf8 ROW_FORMAT=DYNAMIC;
/*!40101 SET character_set_client = @saved_cs_client */;

--
-- Dumping data for table `mall_category_property`
--

LOCK TABLES `mall_category_property` WRITE;
/*!40000 ALTER TABLE `mall_category_property` DISABLE KEYS */;
INSERT INTO `mall_category_property` VALUES (2,24,'容量','2021-03-20 17:28:20','2021-03-20 17:28:20'),(3,25,'容量','2021-04-12 10:12:39','2021-04-12 10:12:39'),(4,28,'容量','2021-04-12 10:12:39','2021-04-12 10:12:39'),(5,39,'容量','2021-04-12 10:12:39','2021-04-12 10:12:39'),(6,40,'容量','2021-04-12 10:12:39','2021-04-12 10:12:39'),(7,41,'容量','2021-04-12 10:12:39','2021-04-12 10:12:39'),(8,42,'容量','2021-04-12 10:12:39','2021-04-12 10:12:39');
/*!40000 ALTER TABLE `mall_category_property` ENABLE KEYS */;
UNLOCK TABLES;

--
-- Table structure for table `mall_goods_category`
--

DROP TABLE IF EXISTS `mall_goods_category`;
/*!40101 SET @saved_cs_client     = @@character_set_client */;
/*!50503 SET character_set_client = utf8mb4 */;
CREATE TABLE `mall_goods_category` (
  `category_id` bigint NOT NULL AUTO_INCREMENT COMMENT '分类id',
  `category_level` tinyint NOT NULL DEFAULT '0' COMMENT '分类级别(1-一级分类 2-二级分类)',
  `parent_id` bigint NOT NULL DEFAULT '0' COMMENT '父分类id',
  `category_name` varchar(50) NOT NULL DEFAULT '' COMMENT '分类名称',
  `category_rank` int NOT NULL DEFAULT '0' COMMENT '排序值(字段越大越靠前)',
  `is_deleted` tinyint NOT NULL DEFAULT '0' COMMENT '删除标识字段(0-未删除 1-已删除)',
  `create_time` datetime NOT NULL DEFAULT CURRENT_TIMESTAMP COMMENT '创建时间',
  `create_user` int NOT NULL DEFAULT '0' COMMENT '创建者id',
  `update_time` datetime NOT NULL DEFAULT CURRENT_TIMESTAMP ON UPDATE CURRENT_TIMESTAMP COMMENT '修改时间',
  `update_user` int DEFAULT '0' COMMENT '修改者id',
  `category_pic` varchar(100) DEFAULT '',
  PRIMARY KEY (`category_id`) USING BTREE
) ENGINE=InnoDB AUTO_INCREMENT=120 DEFAULT CHARSET=utf8 ROW_FORMAT=DYNAMIC;
/*!40101 SET character_set_client = @saved_cs_client */;

--
-- Dumping data for table `mall_goods_category`
--

LOCK TABLES `mall_goods_category` WRITE;
/*!40000 ALTER TABLE `mall_goods_category` DISABLE KEYS */;
INSERT INTO `mall_goods_category` VALUES (17,1,0,'厨房小家电',9,0,'2019-09-11 18:46:43',0,'2021-04-01 21:59:35',0,'http://mall-photo.oss-cn-beijing.aliyuncs.com/hxG8kW_1617285555214.png'),(18,1,0,'生活家电',8,0,'2019-09-11 18:46:52',0,'2021-04-01 22:00:20',0,'http://mall-photo.oss-cn-beijing.aliyuncs.com/QnyDkE_1617285615347.png'),(19,1,0,'个护家电',7,0,'2019-09-11 18:47:38',0,'2021-04-01 22:00:54',0,'http://mall-photo.oss-cn-beijing.aliyuncs.com/H8taGd_1617285650169.png'),(20,1,0,'大家电',6,0,'2019-09-11 18:47:49',0,'2021-04-01 22:01:29',0,'http://mall-photo.oss-cn-beijing.aliyuncs.com/E1CFKB_1617285685743.png'),(21,1,0,'厨房大店',5,0,'2019-09-11 18:47:58',0,'2021-04-01 22:01:53',0,'http://mall-photo.oss-cn-beijing.aliyuncs.com/P7iXhW_1617285710106.png'),(22,1,0,'家电服务',4,0,'2019-09-11 18:48:06',0,'2021-04-28 16:10:14',0,'https://mall-photo.oss-cn-beijing.aliyuncs.com/%E5%AE%B6%E7%94%A8%E7%94%B5%E5%99%A8.png'),(24,2,17,'电饭煲',9,0,'2019-09-11 18:48:12',0,'2021-04-01 22:05:57',0,'http://mall-photo.oss-cn-beijing.aliyuncs.com/xRjApx_1617285953761.png'),(25,2,17,'电火锅',0,0,'2019-09-11 18:48:26',0,'2021-04-01 22:06:39',0,'http://mall-photo.oss-cn-beijing.aliyuncs.com/SDcmx7_1617285996278.png'),(26,2,17,'烤饼机',0,0,'2019-09-11 18:48:40',0,'2021-04-01 22:07:06',0,'http://mall-photo.oss-cn-beijing.aliyuncs.com/8RyKZ3_1617286022695.png'),(27,2,17,'搅拌机',0,0,'2019-09-11 18:48:50',0,'2021-04-01 22:07:29',0,'http://mall-photo.oss-cn-beijing.aliyuncs.com/RQnc87_1617286045559.png'),(28,2,17,'咖啡机',0,0,'2019-09-11 18:48:57',0,'2021-04-01 22:08:27',0,'http://mall-photo.oss-cn-beijing.aliyuncs.com/wBxThB_1617286097023.png'),(29,2,18,'取暖器',0,0,'2019-09-11 18:49:50',0,'2021-04-12 10:30:59',0,'http://mall-photo.oss-cn-beijing.aliyuncs.com/P7iXhW_1617285710106.png'),(30,2,18,'热水器',0,0,'2019-09-11 18:49:55',0,'2021-04-12 10:30:59',0,'http://mall-photo.oss-cn-beijing.aliyuncs.com/P7iXhW_1617285710106.png'),(31,2,18,'吸尘器',0,0,'2019-09-11 18:50:08',0,'2021-04-12 10:30:59',0,'http://mall-photo.oss-cn-beijing.aliyuncs.com/P7iXhW_1617285710106.png'),(32,2,18,'电扇',0,0,'2019-09-11 18:50:24',0,'2021-04-12 10:30:59',0,'http://mall-photo.oss-cn-beijing.aliyuncs.com/P7iXhW_1617285710106.png'),(33,2,18,'空气净化器',0,0,'2019-09-11 18:50:36',0,'2021-04-12 10:30:59',0,'http://mall-photo.oss-cn-beijing.aliyuncs.com/P7iXhW_1617285710106.png'),(34,2,19,'电吹机',0,0,'2019-09-11 18:53:49',0,'2021-04-12 10:30:59',0,'http://mall-photo.oss-cn-beijing.aliyuncs.com/P7iXhW_1617285710106.png'),(35,2,19,'理发器',0,0,'2019-09-11 18:53:59',0,'2021-04-12 10:30:59',0,'http://mall-photo.oss-cn-beijing.aliyuncs.com/P7iXhW_1617285710106.png'),(36,2,19,'足浴足疗',0,0,'2019-09-11 18:54:20',0,'2021-04-12 10:30:59',0,'http://mall-photo.oss-cn-beijing.aliyuncs.com/P7iXhW_1617285710106.png'),(37,2,19,'美发器',0,0,'2019-09-11 18:54:49',0,'2021-04-12 10:31:10',0,'http://mall-photo.oss-cn-beijing.aliyuncs.com/P7iXhW_1617285710106.png'),(38,2,19,'按摩椅',0,0,'2019-09-11 18:55:03',0,'2021-04-12 10:31:10',0,'http://mall-photo.oss-cn-beijing.aliyuncs.com/P7iXhW_1617285710106.png'),(39,2,20,'电视机',0,0,'2019-09-11 18:55:22',0,'2021-04-12 10:31:10',0,'http://mall-photo.oss-cn-beijing.aliyuncs.com/P7iXhW_1617285710106.png'),(40,2,20,'洗衣机',0,0,'2019-09-11 18:55:32',0,'2021-04-12 10:31:10',0,'http://mall-photo.oss-cn-beijing.aliyuncs.com/P7iXhW_1617285710106.png'),(41,2,20,'空调',0,0,'2019-09-11 18:55:52',0,'2021-04-12 10:31:10',0,'http://mall-photo.oss-cn-beijing.aliyuncs.com/P7iXhW_1617285710106.png'),(42,2,20,'烘干机',0,0,'2019-09-11 18:55:58',0,'2021-04-12 10:31:10',0,'http://mall-photo.oss-cn-beijing.aliyuncs.com/P7iXhW_1617285710106.png'),(43,2,20,'电脑',0,0,'2019-09-11 18:56:06',0,'2021-04-12 10:31:17',0,'http://mall-photo.oss-cn-beijing.aliyuncs.com/P7iXhW_1617285710106.png'),(44,2,21,'冰箱冷柜',0,0,'2019-09-11 18:56:12',0,'2021-04-12 10:31:17',0,'http://mall-photo.oss-cn-beijing.aliyuncs.com/P7iXhW_1617285710106.png'),(45,2,21,'燃气 灶',0,0,'2019-09-11 18:56:37',0,'2021-04-12 10:31:17',0,'http://mall-photo.oss-cn-beijing.aliyuncs.com/P7iXhW_1617285710106.png'),(46,2,21,'油烟机',0,0,'2019-09-11 18:56:49',0,'2021-04-12 10:31:17',0,'http://mall-photo.oss-cn-beijing.aliyuncs.com/P7iXhW_1617285710106.png'),(47,2,21,'洗碗机',0,0,'2019-09-11 18:57:01',0,'2021-04-12 10:31:17',0,'http://mall-photo.oss-cn-beijing.aliyuncs.com/P7iXhW_1617285710106.png'),(48,2,21,'消毒柜',0,0,'2019-11-28 20:24:58',0,'2021-04-12 10:31:17',0,'http://mall-photo.oss-cn-beijing.aliyuncs.com/P7iXhW_1617285710106.png'),(49,2,22,'洗衣机清洗',0,0,'2019-11-28 20:25:16',0,'2021-04-12 10:31:17',0,'http://mall-photo.oss-cn-beijing.aliyuncs.com/P7iXhW_1617285710106.png');
/*!40000 ALTER TABLE `mall_goods_category` ENABLE KEYS */;
UNLOCK TABLES;

--
-- Table structure for table `mall_goods_grand`
--

DROP TABLE IF EXISTS `mall_goods_grand`;
/*!40101 SET @saved_cs_client     = @@character_set_client */;
/*!50503 SET character_set_client = utf8mb4 */;
CREATE TABLE `mall_goods_grand` (
  `goods_grand_id` bigint NOT NULL AUTO_INCREMENT COMMENT '商品对应的品牌名称id',
  `goods_id` bigint NOT NULL COMMENT '商品id',
  `grand_id` bigint NOT NULL COMMENT '品牌id',
  `create_time` datetime NOT NULL DEFAULT CURRENT_TIMESTAMP COMMENT '创建时间',
  `create_user` int NOT NULL DEFAULT '0' COMMENT '创建者id',
  `update_time` datetime NOT NULL DEFAULT CURRENT_TIMESTAMP ON UPDATE CURRENT_TIMESTAMP COMMENT '修改时间',
  `update_user` int DEFAULT '0' COMMENT '修改者id',
  PRIMARY KEY (`goods_grand_id`) USING BTREE
) ENGINE=InnoDB AUTO_INCREMENT=55 DEFAULT CHARSET=utf8 ROW_FORMAT=DYNAMIC;
/*!40101 SET character_set_client = @saved_cs_client */;

--
-- Dumping data for table `mall_goods_grand`
--

LOCK TABLES `mall_goods_grand` WRITE;
/*!40000 ALTER TABLE `mall_goods_grand` DISABLE KEYS */;
INSERT INTO `mall_goods_grand` VALUES (1,3,6,'2021-03-23 00:40:54',1,'2021-03-23 00:40:54',1),(2,4,7,'2021-04-12 14:31:52',1,'2021-05-13 15:29:14',0),(3,5,1,'2021-04-12 14:31:52',1,'2021-05-13 15:29:14',0),(4,6,4,'2021-04-12 14:31:52',1,'2021-05-13 15:29:14',0),(5,7,1,'2021-04-12 14:31:52',1,'2021-05-13 15:29:14',0),(6,8,6,'2021-04-12 14:31:52',1,'2021-05-13 15:29:14',0),(7,9,2,'2021-04-12 14:31:52',1,'2021-05-13 15:29:14',0),(8,10,8,'2021-04-12 14:31:52',1,'2021-05-13 15:29:15',0),(9,11,4,'2021-04-12 14:31:52',1,'2021-05-13 15:29:15',0),(10,12,3,'2021-04-12 14:31:52',1,'2021-05-13 15:29:15',0),(11,13,2,'2021-04-12 14:31:52',1,'2021-05-13 15:29:15',0),(12,14,6,'2021-04-12 14:31:52',1,'2021-05-13 15:29:14',0),(13,15,4,'2021-04-12 14:31:52',1,'2021-05-13 15:29:14',0),(14,16,4,'2021-04-12 14:31:52',1,'2021-05-13 15:29:14',0),(15,17,6,'2021-04-12 14:31:52',1,'2021-05-13 15:29:14',0),(16,18,4,'2021-04-12 14:31:52',1,'2021-05-13 15:29:15',0),(17,19,4,'2021-04-12 14:31:52',1,'2021-05-13 15:29:15',0),(18,20,7,'2021-04-12 14:31:52',1,'2021-05-13 15:29:15',0),(19,21,8,'2021-04-12 14:31:52',1,'2021-05-13 15:29:15',0),(20,22,4,'2021-04-12 14:31:52',1,'2021-05-13 15:29:15',0),(21,23,6,'2021-04-12 14:31:52',1,'2021-05-13 15:29:15',0),(22,24,7,'2021-04-12 14:31:52',1,'2021-05-13 15:29:15',0),(23,25,8,'2021-04-12 14:31:53',1,'2021-05-13 15:29:15',0),(24,26,1,'2021-04-12 14:31:53',1,'2021-05-13 15:29:15',0),(25,27,3,'2021-04-12 14:31:53',1,'2021-05-13 15:29:15',0),(26,28,2,'2021-04-12 14:31:53',1,'2021-05-13 15:29:14',0),(27,29,7,'2021-04-12 14:31:53',1,'2021-05-13 15:29:14',0),(28,30,6,'2021-04-12 14:31:53',1,'2021-05-13 15:29:15',0),(29,31,2,'2021-04-12 14:31:53',1,'2021-05-13 15:29:15',0),(30,32,3,'2021-04-12 14:31:53',1,'2021-05-13 15:29:15',0),(31,33,7,'2021-04-12 14:31:53',1,'2021-05-13 15:29:15',0),(32,34,8,'2021-04-12 14:31:53',1,'2021-05-13 15:29:15',0),(33,35,7,'2021-04-12 14:31:53',1,'2021-05-13 15:29:15',0),(34,36,1,'2021-04-12 14:31:53',1,'2021-05-13 15:29:15',0),(35,37,5,'2021-04-12 14:31:53',1,'2021-05-13 15:29:15',0),(36,38,6,'2021-04-12 14:31:53',1,'2021-05-13 15:29:15',0),(37,39,3,'2021-04-12 14:31:53',1,'2021-05-13 15:29:15',0),(38,40,2,'2021-04-12 14:31:53',1,'2021-05-13 15:29:15',0),(39,41,6,'2021-04-12 14:31:53',1,'2021-05-13 15:29:15',0),(40,42,2,'2021-04-12 14:31:53',1,'2021-05-13 15:29:15',0),(41,43,3,'2021-04-12 14:31:53',1,'2021-05-13 15:29:15',0),(42,44,3,'2021-04-12 14:31:53',1,'2021-05-13 15:29:15',0),(43,45,1,'2021-04-12 14:31:53',1,'2021-05-13 15:29:15',0),(44,46,4,'2021-04-12 14:31:54',1,'2021-05-13 15:29:15',0),(45,47,6,'2021-04-12 14:31:54',1,'2021-05-13 15:29:15',0),(46,48,6,'2021-04-12 14:31:54',1,'2021-05-13 15:29:15',0),(47,49,3,'2021-04-12 14:31:54',1,'2021-05-13 15:29:15',0),(48,50,4,'2021-04-12 14:31:54',1,'2021-05-13 15:29:15',0),(49,51,1,'2021-04-12 14:31:54',1,'2021-05-13 15:29:15',0),(50,52,2,'2021-04-12 14:31:54',1,'2021-05-13 15:29:15',0),(51,53,3,'2021-04-12 14:31:54',1,'2021-05-13 15:29:15',0),(53,55,2,'2021-05-11 19:00:18',1,'2021-05-11 19:00:18',1),(54,56,2,'2021-05-11 19:00:31',1,'2021-05-11 19:00:31',1);
/*!40000 ALTER TABLE `mall_goods_grand` ENABLE KEYS */;
UNLOCK TABLES;

--
-- Table structure for table `mall_goods_info`
--

DROP TABLE IF EXISTS `mall_goods_info`;
/*!40101 SET @saved_cs_client     = @@character_set_client */;
/*!50503 SET character_set_client = utf8mb4 */;
CREATE TABLE `mall_goods_info` (
  `goods_id` bigint unsigned NOT NULL AUTO_INCREMENT COMMENT '商品表主键id',
  `goods_name` varchar(200) NOT NULL DEFAULT '' COMMENT '商品名',
  `goods_category_id` bigint NOT NULL DEFAULT '0' COMMENT '关联分类id',
  `goods_cover_img` varchar(200) NOT NULL DEFAULT '/admin/dist/img/no-img.png' COMMENT '商品主图',
  `goods_carousel` varchar(500) NOT NULL DEFAULT '/admin/dist/img/no-img.png' COMMENT '商品轮播图',
  `goods_detail_content` text NOT NULL COMMENT '商品详情',
  `original_price` decimal(10,2) NOT NULL DEFAULT '1.00' COMMENT '商品价格',
  `selling_price` decimal(10,2) NOT NULL DEFAULT '1.00' COMMENT '商品实际售价',
  `stock_num` int unsigned NOT NULL DEFAULT '0' COMMENT '商品库存数量',
  `selled_stock_num` int unsigned NOT NULL DEFAULT '0' COMMENT '已出售的库存数量',
  `tag` varchar(20) NOT NULL DEFAULT '' COMMENT '商品标签',
  `goods_sell_status` tinyint NOT NULL DEFAULT '0' COMMENT '商品上架状态 1-下架 0-上架',
  `create_user` int NOT NULL DEFAULT '0' COMMENT '添加者主键id',
  `create_time` datetime NOT NULL DEFAULT CURRENT_TIMESTAMP COMMENT '商品添加时间',
  `update_user` int NOT NULL DEFAULT '0' COMMENT '修改者主键id',
  `update_time` datetime NOT NULL DEFAULT CURRENT_TIMESTAMP ON UPDATE CURRENT_TIMESTAMP COMMENT '商品修改时间',
  PRIMARY KEY (`goods_id`) USING BTREE
) ENGINE=InnoDB AUTO_INCREMENT=57 DEFAULT CHARSET=utf8 ROW_FORMAT=DYNAMIC;
/*!40101 SET character_set_client = @saved_cs_client */;

--
-- Dumping data for table `mall_goods_info`
--

LOCK TABLES `mall_goods_info` WRITE;
/*!40000 ALTER TABLE `mall_goods_info` DISABLE KEYS */;
INSERT INTO `mall_goods_info` VALUES (3,'热卖电饭锅',24,'http://mall-photo.oss-cn-beijing.aliyuncs.com/dianfangguo1.jpg','','暂无',100.00,100.00,393,67,'',0,1,'2021-03-23 00:40:54',1,'2021-05-11 17:28:03'),(4,'出口迷你电饭煲小1人2家用小型电饭锅多功能单人一人食升l',24,'https://mall-photo.oss-cn-beijing.aliyuncs.com/%E7%94%B5%E9%A5%AD%E9%94%851.jpg','/admin/dist/img/no-img.png','仰',5418.00,5618.00,6058,110,'',0,0,'2021-04-12 14:03:48',0,'2021-04-28 16:29:30'),(5,'电饭煲家用智能多功能预约迷你小电饭锅单人小型宿舍1-2人',24,'https://mall-photo.oss-cn-beijing.aliyuncs.com/%E7%94%B5%E9%A5%AD%E9%94%852.jpg','/admin/dist/img/no-img.png','戎',3959.00,4159.00,6746,463,'',0,0,'2021-04-12 14:03:49',0,'2021-04-28 16:29:31'),(6,'电饭煲GDF-20X61C家用多功能粉色智能煮饭锅蛋糕2L小型迷你3',24,'https://mall-photo.oss-cn-beijing.aliyuncs.com/%E7%94%B5%E9%A5%AD%E9%94%853.jpg','/admin/dist/img/no-img.png','艾',9275.00,9475.00,1684,172,'',0,0,'2021-04-12 14:03:49',0,'2021-04-28 16:29:31'),(7,'电饭煲家用4L多功能智能大容量迷你电饭锅煮饭官方旗舰店正品',24,'https://mall-photo.oss-cn-beijing.aliyuncs.com/%E7%94%B5%E9%A5%AD%E9%94%854.jpg','/admin/dist/img/no-img.png','养',1564.00,1764.00,9492,776,'',0,0,'2021-04-12 14:03:49',0,'2021-05-10 10:13:18'),(8,'电饭煲家用3L升多功能迷你小型电饭锅1-2人智能4官方旗舰正品',24,'https://mall-photo.oss-cn-beijing.aliyuncs.com/%E7%94%B5%E9%A5%AD%E9%94%855.jpg','/admin/dist/img/no-img.png','邱',4865.00,5065.00,6114,387,'',0,0,'2021-04-12 14:03:49',0,'2021-04-28 16:29:30'),(9,'智能家用电饭煲4L升电饭锅蛋糕多功能全自动2人正品煮饭E503',24,'https://mall-photo.oss-cn-beijing.aliyuncs.com/%E7%94%B5%E9%A5%AD%E9%94%851.jpg','/admin/dist/img/no-img.png','高',8630.00,8830.00,2851,367,'',0,0,'2021-04-12 14:03:50',0,'2021-04-28 16:29:30'),(10,' 电饭煲C1小米电饭煲家用大容量电饭锅3-4人多功能自动',24,'https://mall-photo.oss-cn-beijing.aliyuncs.com/%E7%94%B5%E9%A5%AD%E9%94%852.jpg','/admin/dist/img/no-img.png','鲍',3155.00,3355.00,1865,259,'',0,0,'2021-04-12 14:03:50',0,'2021-04-28 16:29:31'),(11,'你电饭煲家用小型1人-2人多功能智能电饭锅3-4人官方旗舰店',24,'https://mall-photo.oss-cn-beijing.aliyuncs.com/%E7%94%B5%E9%A5%AD%E9%94%853.jpg','/admin/dist/img/no-img.png','咸',8518.00,8718.00,6457,293,'',0,0,'2021-04-12 14:03:50',0,'2021-04-28 16:29:30'),(12,'电饭煲5L智能大容量家用3人多功能电饭锅4L正品官方旗舰店',24,'https://mall-photo.oss-cn-beijing.aliyuncs.com/%E7%94%B5%E9%A5%AD%E9%94%854.jpg','/admin/dist/img/no-img.png','蔡',1932.00,2132.00,2942,366,'',0,0,'2021-04-12 14:03:50',0,'2021-04-28 16:29:31'),(13,'电饭煲智能5L升大容量家用多功能6煮饭锅3官方旗舰店4人正品',24,'https://mall-photo.oss-cn-beijing.aliyuncs.com/%E7%94%B5%E9%A5%AD%E9%94%851.jpg','/admin/dist/img/no-img.png','咸',2406.00,2606.00,6742,173,'',0,0,'2021-04-12 14:03:50',0,'2021-04-28 16:29:30'),(14,'电饭煲家用3L电饭锅蛋糕小型1-2-3人迷你智能4正品升多功能',24,'https://mall-photo.oss-cn-beijing.aliyuncs.com/%E7%94%B5%E9%A5%AD%E9%94%852.jpg','/admin/dist/img/no-img.png','伍',6544.00,6744.00,9358,429,'',0,0,'2021-04-12 14:03:50',0,'2021-04-28 16:29:31'),(15,'西哲伊贺烧电饭锅煲土陶瓷内胆智能 家用多功能定时预约',24,'https://mall-photo.oss-cn-beijing.aliyuncs.com/%E7%94%B5%E9%A5%AD%E9%94%853.jpg','/admin/dist/img/no-img.png','黄',8636.00,8836.00,12016,703,'',0,0,'2021-04-12 14:03:51',0,'2021-05-09 17:47:58'),(16,'电饭煲家用煮电饭锅小型1-2-3人迷你多功能智能官方旗舰店',24,'https://mall-photo.oss-cn-beijing.aliyuncs.com/%E7%94%B5%E9%A5%AD%E9%94%855.jpg','/admin/dist/img/no-img.png','江',4866.00,5066.00,9898,401,'',0,0,'2021-04-12 14:03:51',0,'2021-04-28 16:29:30'),(17,'电饭煲家用4L电饭锅迷你小型1-2人3智能多功能官方旗舰店正品',24,'https://mall-photo.oss-cn-beijing.aliyuncs.com/%E7%94%B5%E9%A5%AD%E9%94%851.jpg','/admin/dist/img/no-img.png','姚',8888.00,9088.00,4399,143,'',0,0,'2021-04-12 14:03:51',0,'2021-04-28 16:29:30'),(18,'电饭煲家用4L升多功能智能5电饭锅蒸米饭6大容量官方旗舰店',24,'https://mall-photo.oss-cn-beijing.aliyuncs.com/%E7%94%B5%E9%A5%AD%E9%94%852.jpg','/admin/dist/img/no-img.png','扈',3179.00,3379.00,3602,403,'',0,0,'2021-04-12 14:03:51',0,'2021-04-28 16:29:31'),(19,'智能电饭煲3L升迷你家用电饭 锅2人小型全自动正品1人-2-3-4人',24,'https://mall-photo.oss-cn-beijing.aliyuncs.com/%E7%94%B5%E9%A5%AD%E9%94%853.jpg','/admin/dist/img/no-img.png','詹',4446.00,4646.00,6633,341,'',0,0,'2021-04-12 14:03:51',0,'2021-04-28 16:29:31'),(20,'电饭煲家用4L智能球釜大容量多功能电饭锅蛋糕煮饭锅正品',24,'https://mall-photo.oss-cn-beijing.aliyuncs.com/%E7%94%B5%E9%A5%AD%E9%94%853.jpg','/admin/dist/img/no-img.png','胡',1212.00,1412.00,1966,141,'',0,0,'2021-04-12 14:03:51',0,'2021-04-28 16:29:31'),(21,'电饭煲家用智能迷你1小型2老式3人4L5升多功能汤煮饭两用饭锅',24,'https://mall-photo.oss-cn-beijing.aliyuncs.com/%E7%94%B5%E9%A5%AD%E9%94%854.jpg','/admin/dist/img/no-img.png','孔',7351.00,7551.00,6769,118,'',0,0,'2021-04-12 14:03:51',0,'2021-04-28 16:29:31'),(22,'IH电饭煲3L4L 3人家用小型小米智能电饭锅多功能大容量3升4升',24,'https://mall-photo.oss-cn-beijing.aliyuncs.com/%E7%94%B5%E9%A5%AD%E9%94%851.jpg','/admin/dist/img/no-img.png','景',2595.00,2795.00,8834,415,'',0,0,'2021-04-12 14:03:51',0,'2021-04-28 16:29:30'),(23,'电饭锅大容量10 升15-20人食堂酒店商用老式大电饭煲不粘锅',24,'https://mall-photo.oss-cn-beijing.aliyuncs.com/%E7%94%B5%E9%A5%AD%E9%94%852.jpg','/admin/dist/img/no-img.png','廉',8553.00,8753.00,9197,752,'',0,0,'2021-04-12 14:03:51',0,'2021-05-09 17:50:31'),(24,'电饭锅大容量食堂商用饭店5L超大型10家用20人老式大电饭煲不粘锅',24,'https://mall-photo.oss-cn-beijing.aliyuncs.com/%E7%94%B5%E9%A5%AD%E9%94%853.jpg','/admin/dist/img/no-img.png','吉',3290.00,3490.00,6014,202,'',0,0,'2021-04-12 14:03:51',0,'2021-04-28 16:29:31'),(25,'商用大容量18升10升24升40升食堂酒店老式大电饭煲锅',24,'https://mall-photo.oss-cn-beijing.aliyuncs.com/%E7%94%B5%E9%A5%AD%E9%94%855.jpg','/admin/dist/img/no-img.png','贡',3875.00,4075.00,9207,325,'',0,0,'2021-04-12 14:03:51',0,'2021-04-28 16:29:31'),(26,'智能球釜电饭煲4L大容量电饭锅蛋糕家用全自动多功能煮饭锅',24,'https://mall-photo.oss-cn-beijing.aliyuncs.com/%E7%94%B5%E9%A5%AD%E9%94%854.jpg','/admin/dist/img/no-img.png','向',5771.00,5971.00,6760,352,'',0,0,'2021-04-12 14:03:51',0,'2021-04-28 16:29:31'),(27,'电饭煲智能5L升大容量家用3多功能饭锅4-5-6-8人官方旗舰店',24,'https://mall-photo.oss-cn-beijing.aliyuncs.com/%E7%94%B5%E9%A5%AD%E9%94%851.jpg','/admin/dist/img/no-img.png','终',5576.00,5776.00,4377,345,'',0,0,'2021-04-12 14:03:51',0,'2021-04-28 16:29:30'),(28,'电饭煲5L升4智能家用多功能电饭锅大容量6人用 蒸米煮饭正品',24,'https://mall-photo.oss-cn-beijing.aliyuncs.com/%E7%94%B5%E9%A5%AD%E9%94%852.jpg','/admin/dist/img/no-img.png','武',5367.00,5567.00,5581,396,'',0,0,'2021-04-12 14:03:51',0,'2021-04-28 16:29:31'),(29,'电饭煲家用3L升米饭锅小2人智能4多功能5-6官方旗舰店正品',24,'https://mall-photo.oss-cn-beijing.aliyuncs.com/%E7%94%B5%E9%A5%AD%E9%94%853.jpg','/admin/dist/img/no-img.png','钭',1257.00,1457.00,9929,269,'',0,0,'2021-04-12 14:03:51',0,'2021-04-28 16:29:31'),(30,'5L升大容量智能电饭煲锅官方旗舰店家用3L多功能4大6个人正品',24,'https://mall-photo.oss-cn-beijing.aliyuncs.com/%E7%94%B5%E9%A5%AD%E9%94%855.jpg','/admin/dist/img/no-img.png','房',8701.00,8901.00,5096,213,'',0,0,'2021-04-12 14:03:51',0,'2021-04-28 16:29:31'),(31,'IH球釜电饭煲智能多功能家用5升l电饭锅柴火饭官方旗舰正品',24,'https://mall-photo.oss-cn-beijing.aliyuncs.com/%E7%94%B5%E9%A5%AD%E9%94%854.jpg','/admin/dist/img/no-img.png','宋',3370.00,3570.00,8930,229,'',0,0,'2021-04-12 14:03:51',0,'2021-04-28 16:29:31'),(32,'电饭煲家用多功能智能电饭锅4升L3人6蒸煮饭5官方旗舰店正品',24,'https://mall-photo.oss-cn-beijing.aliyuncs.com/%E7%94%B5%E9%A5%AD%E9%94%851.jpg','/admin/dist/img/no-img.png','童',2043.00,2243.00,1085,134,'',0,0,'2021-04-12 14:03:51',0,'2021-04-28 16:29:31'),(33,'电饭煲4L家用智能多功能饭锅5人1大容量2官方旗舰店3正品升',24,'https://mall-photo.oss-cn-beijing.aliyuncs.com/%E7%94%B5%E9%A5%AD%E9%94%852.jpg','/admin/dist/img/no-img.png','那',4781.00,4981.00,6139,176,'',0,0,'2021-04-12 14:03:51',0,'2021-04-28 16:29:30'),(34,'电饭煲5L升智能家用多功能饭锅3大容量4-8人官方旗舰店正品',24,'https://mall-photo.oss-cn-beijing.aliyuncs.com/%E7%94%B5%E9%A5%AD%E9%94%853.jpg','/admin/dist/img/no-img.png','司',2328.00,2528.00,8756,413,'',0,0,'2021-04-12 14:03:51',0,'2021-04-28 16:29:30'),(35,'电饭煲家用4L升智能多功能蒸煮粥电饭锅官方旗舰店正品',24,'https://mall-photo.oss-cn-beijing.aliyuncs.com/%E7%94%B5%E9%A5%AD%E9%94%855.jpg','/admin/dist/img/no-img.png','於',3523.00,3723.00,7531,430,'',0,0,'2021-04-12 14:03:52',0,'2021-04-28 16:29:31'),(36,'电饭煲5L升智能家用多功能饭锅3 大容量4-8人官方旗舰店正品',24,'https://mall-photo.oss-cn-beijing.aliyuncs.com/%E7%94%B5%E9%A5%AD%E9%94%854.jpg','/admin/dist/img/no-img.png','却',1867.00,2067.00,2226,253,'',0,0,'2021-04-12 14:03:52',0,'2021-04-28 16:29:30'),(37,'食色低糖电饭煲米汤分离4l智能家用多功能去无糖蒸煮沥米饭锅',24,'https://mall-photo.oss-cn-beijing.aliyuncs.com/%E7%94%B5%E9%A5%AD%E9%94%851.jpg','/admin/dist/img/no-img.png','贺',3670.00,3870.00,7244,425,'',0,0,'2021-04-12 14:03:52',0,'2021-04-28 16:29:31'),(38,'电饭煲家用5L升迷你智能1小型2老式4个人3多功能一汤煮饭两用饭锅',24,'https://mall-photo.oss-cn-beijing.aliyuncs.com/%E7%94%B5%E9%A5%AD%E9%94%852.jpg','/admin/dist/img/no-img.png','莫',7395.00,7595.00,1950,186,'',0,0,'2021-04-12 14:03:52',0,'2021-04-28 16:29:30'),(39,'电饭煲饭锅家用1小型2老式3迷你5L多功能半球4单人一个煮饭蒸米饭',24,'https://mall-photo.oss-cn-beijing.aliyuncs.com/%E7%94%B5%E9%A5%AD%E9%94%853.jpg','/admin/dist/img/no-img.png','贾',1886.00,2086.00,2100,404,'',0,0,'2021-04-12 14:03:52',0,'2021-04-28 16:29:31'),(40,'电饭煲家用智能迷你小2人电饭锅预约多功能全自动1-2-3-4小型',24,'https://mall-photo.oss-cn-beijing.aliyuncs.com/%E7%94%B5%E9%A5%AD%E9%94%854.jpg','/admin/dist/img/no-img.png','须',7809.00,8009.00,9237,113,'',0,0,'2021-04-12 14:03:52',0,'2021-04-28 16:29:30'),(41,'IC-B3501微压ih电饭煲家用德国内胆智能多功 能电饭锅6人3.3L',24,'https://mall-photo.oss-cn-beijing.aliyuncs.com/%E7%94%B5%E9%A5%AD%E9%94%855.jpg','/admin/dist/img/no-img.png','尹',2352.00,2552.00,2324,406,'',0,0,'2021-04-12 14:03:52',0,'2021-04-28 16:29:30'),(42,'智能家用电饭煲正品多功能3-5L大容量全自动蒸米饭老式电饭锅',24,'https://mall-photo.oss-cn-beijing.aliyuncs.com/%E7%94%B5%E9%A5%AD%E9%94%851.jpg','/admin/dist/img/no-img.png','龚',8891.00,9091.00,9824,239,'',0,0,'2021-04-12 14:03:52',0,'2021-04-28 16:29:31'),(43,'电饭煲迷你小型1-2一3人食智能家用多功能单人宿舍蒸煮电饭锅',24,'https://mall-photo.oss-cn-beijing.aliyuncs.com/%E7%94%B5%E9%A5%AD%E9%94%852.jpg','/admin/dist/img/no-img.png','师',3713.00,3913.00,9453,368,'',0,0,'2021-04-12 14:03:52',0,'2021-04-28 16:29:31'),(44,'千寿低糖电饭煲米汤分离无涂层减糖去糖家用滤沥米饭养生饭锅',24,'https://mall-photo.oss-cn-beijing.aliyuncs.com/%E7%94%B5%E9%A5%AD%E9%94%853.jpg','/admin/dist/img/no-img.png','任',1322.00,1522.00,7750,266,'',0,0,'2021-04-12 14:03:52',0,'2021-04-28 16:29:30'),(45,'大电饭锅大容量正品10-15-20-30-40人食堂商用饭店特大电饭煲不沾',24,'https://mall-photo.oss-cn-beijing.aliyuncs.com/%E7%94%B5%E9%A5%AD%E9%94%854.jpg','/admin/dist/img/no-img.png','相',6587.00,6787.00,9778,335,'',0,0,'2021-04-12 14:03:52',0,'2021-04-28 16:29:30'),(46,'电饭煲家用智能小型电饭锅1-2-3-4人煮饭5多功能迷你全自动',24,'https://mall-photo.oss-cn-beijing.aliyuncs.com/%E7%94%B5%E9%A5%AD%E9%94%855.jpg','/admin/dist/img/no-img.png','姬',9947.00,10147.00,4226,234,'',0,0,'2021-04-12 14:03:52',0,'2021-04-28 16:29:31'),(47,'电饭煲多功能家用小1L-2-3人迷你智能煮饭锅小型电器内胆官方',24,'https://mall-photo.oss-cn-beijing.aliyuncs.com/%E7%94%B5%E9%A5%AD%E9%94%851.jpg','/admin/dist/img/no-img.png','武',5477.00,5677.00,5167,480,'',0,0,'2021-04-12 14:03:52',0,'2021-04-28 16:29:31'),(48,'进口低糖电饭煲米汤分离家用养生多功能无糖去糖控糖锅',24,'https://mall-photo.oss-cn-beijing.aliyuncs.com/%E7%94%B5%E9%A5%AD%E9%94%852.jpg','/admin/dist/img/no-img.png','康',2649.00,2849.00,4592,198,'',0,0,'2021-04-12 14:03:52',0,'2021-04-28 16:29:30'),(49,'智能电饭煲5升 大容量多功能迷你煮饭锅小2人3人家用官方旗舰',24,'https://mall-photo.oss-cn-beijing.aliyuncs.com/%E7%94%B5%E9%A5%AD%E9%94%853.jpg','/admin/dist/img/no-img.png','耿',3825.00,4025.00,7120,326,'',0,0,'2021-04-12 14:03:52',0,'2021-04-28 16:29:30'),(50,'低糖IH电饭煲小型2升3人蒸煮家用米汤分离无降去淀 粉沥米饭锅',24,'https://mall-photo.oss-cn-beijing.aliyuncs.com/%E7%94%B5%E9%A5%AD%E9%94%854.jpg','/admin/dist/img/no-img.png','董',3116.00,3316.00,1666,396,'',0,0,'2021-04-12 14:03:53',0,'2021-04-28 16:29:31'),(51,'迷你电饭煲1到2人小型家用正品多功能老式智能锅宿舍可蒸煮单',24,'https://mall-photo.oss-cn-beijing.aliyuncs.com/%E7%94%B5%E9%A5%AD%E9%94%855.jpg','/admin/dist/img/no-img.png','僪',8810.00,9010.00,6446,452,'',0,0,'2021-04-12 14:03:53',0,'2021-04-28 16:29:30'),(52,'隔水小电炖锅白瓷电炖盅婴儿BB煲汤煮粥锅迷你蒸炖锅熬粥2人',24,'https://mall-photo.oss-cn-beijing.aliyuncs.com/%E7%94%B5%E9%A5%AD%E9%94%851.jpg','/admin/dist/img/no-img.png','屈',8168.00,8368.00,5228,182,'',0,0,'2021-04-12 14:03:53',0,'2021-04-28 16:29:30'),(53,'小电炖锅1-2人迷你BB煲汤煮粥稀饭锅家用隔水电炖盅陶瓷熬粥',24,'https://mall-photo.oss-cn-beijing.aliyuncs.com/%E7%94%B5%E9%A5%AD%E9%94%852.jpg','/admin/dist/img/no-img.png','桑',3532.00,3732.00,8850,213,'',0,0,'2021-04-12 14:03:53',0,'2021-04-28 16:29:30');
/*!40000 ALTER TABLE `mall_goods_info` ENABLE KEYS */;
UNLOCK TABLES;

--
-- Table structure for table `mall_goods_param`
--

DROP TABLE IF EXISTS `mall_goods_param`;
/*!40101 SET @saved_cs_client     = @@character_set_client */;
/*!50503 SET character_set_client = utf8mb4 */;
CREATE TABLE `mall_goods_param` (
  `goods_param_id` bigint unsigned NOT NULL AUTO_INCREMENT COMMENT '商品参数id',
  `goods_id` bigint unsigned NOT NULL COMMENT '商品id',
  `goods_param_name` varchar(200) NOT NULL DEFAULT '' COMMENT '参数名',
  `goods_param_value` varchar(200) NOT NULL DEFAULT '0' COMMENT '参数值',
  `create_user` int NOT NULL DEFAULT '0' COMMENT '添加者主键id',
  `create_time` datetime NOT NULL DEFAULT CURRENT_TIMESTAMP COMMENT '商品参数添加时间',
  `update_user` int NOT NULL DEFAULT '0' COMMENT '修改者主键id',
  `update_time` datetime NOT NULL DEFAULT CURRENT_TIMESTAMP ON UPDATE CURRENT_TIMESTAMP COMMENT '商品参数修改时间',
  PRIMARY KEY (`goods_param_id`) USING BTREE
) ENGINE=InnoDB AUTO_INCREMENT=174 DEFAULT CHARSET=utf8 ROW_FORMAT=DYNAMIC;
/*!40101 SET character_set_client = @saved_cs_client */;

--
-- Dumping data for table `mall_goods_param`
--

LOCK TABLES `mall_goods_param` WRITE;
/*!40000 ALTER TABLE `mall_goods_param` DISABLE KEYS */;
INSERT INTO `mall_goods_param` VALUES (1,3,'功能','控温',1,'2021-03-23 00:40:54',1,'2021-03-23 00:40:54'),(2,3,'控制方式','触摸',1,'2021-03-23 00:40:54',1,'2021-03-23 00:40:54'),(15,4,'控制方式','按钮',0,'2021-04-12 14:58:22',0,'2021-04-12 14:58:22'),(16,5,'控制方式','按钮',0,'2021-04-12 14:58:22',0,'2021-04-12 14:58:22'),(17,6,'控制方式','按钮',0,'2021-04-12 14:58:22',0,'2021-04-12 14:58:22'),(18,7,'控制方式','按钮',0,'2021-04-12 14:58:22',0,'2021-04-12 14:58:22'),(19,8,'控制方式','触摸',0,'2021-04-12 14:58:22',0,'2021-04-12 14:58:22'),(20,9,'控制方式','按钮',0,'2021-04-12 14:58:23',0,'2021-04-12 14:58:23'),(21,10,'控制方式','触摸',0,'2021-04-12 14:58:23',0,'2021-04-12 14:58:23'),(22,11,'控制方式','触摸',0,'2021-04-12 14:58:23',0,'2021-04-12 14:58:23'),(23,12,'控制方式','触摸',0,'2021-04-12 14:58:23',0,'2021-04-12 14:58:23'),(24,13,'控制方式','机械',0,'2021-04-12 14:58:23',0,'2021-04-12 14:58:23'),(25,14,'控制方式','机械',0,'2021-04-12 14:58:23',0,'2021-04-12 14:58:23'),(26,15,'控制方式','按钮',0,'2021-04-12 14:58:23',0,'2021-04-12 14:58:23'),(27,16,'控制方式','机械',0,'2021-04-12 14:58:23',0,'2021-04-12 14:58:23'),(28,17,'控制方式','触摸',0,'2021-04-12 14:58:23',0,'2021-04-12 14:58:23'),(29,18,'控制方式','触摸',0,'2021-04-12 14:58:23',0,'2021-04-12 14:58:23'),(30,19,'控制方式','触摸',0,'2021-04-12 14:58:23',0,'2021-04-12 14:58:23'),(31,20,'控制方式','按钮',0,'2021-04-12 14:58:23',0,'2021-04-12 14:58:23'),(32,21,'控制方式','机械',0,'2021-04-12 14:58:23',0,'2021-04-12 14:58:23'),(33,22,'控制方式','触摸',0,'2021-04-12 14:58:23',0,'2021-04-12 14:58:23'),(34,23,'控制方式','机械',0,'2021-04-12 14:58:23',0,'2021-04-12 14:58:23'),(35,24,'控制方式','机械',0,'2021-04-12 14:58:23',0,'2021-04-12 14:58:23'),(36,25,'控制方式','机械',0,'2021-04-12 14:58:23',0,'2021-04-12 14:58:23'),(37,26,'控制方式','按钮',0,'2021-04-12 14:58:23',0,'2021-04-12 14:58:23'),(38,27,'控制方式','触摸',0,'2021-04-12 14:58:23',0,'2021-04-12 14:58:23'),(39,28,'控制方式','机械',0,'2021-04-12 14:58:23',0,'2021-04-12 14:58:23'),(40,29,'控制方式','触摸',0,'2021-04-12 14:58:23',0,'2021-04-12 14:58:23'),(41,30,'控制方式','按钮',0,'2021-04-12 14:58:23',0,'2021-04-12 14:58:23'),(42,31,'控制方式','按钮',0,'2021-04-12 14:58:23',0,'2021-04-12 14:58:23'),(43,32,'控制方式','触摸',0,'2021-04-12 14:58:23',0,'2021-04-12 14:58:23'),(44,33,'控制方式','按钮',0,'2021-04-12 14:58:23',0,'2021-04-12 14:58:23'),(45,34,'控制方式','机械',0,'2021-04-12 14:58:23',0,'2021-04-12 14:58:23'),(46,35,'控制方式','机械',0,'2021-04-12 14:58:23',0,'2021-04-12 14:58:23'),(47,36,'控制方式','机械',0,'2021-04-12 14:58:24',0,'2021-04-12 14:58:24'),(48,37,'控制方式','按钮',0,'2021-04-12 14:58:24',0,'2021-04-12 14:58:24'),(49,38,'控制方式','机械',0,'2021-04-12 14:58:24',0,'2021-04-12 14:58:24'),(50,39,'控制方式','触摸',0,'2021-04-12 14:58:24',0,'2021-04-12 14:58:24'),(51,40,'控制方式','按钮',0,'2021-04-12 14:58:24',0,'2021-04-12 14:58:24'),(52,41,'控制方式','机械',0,'2021-04-12 14:58:24',0,'2021-04-12 14:58:24'),(53,42,'控制方式','触摸',0,'2021-04-12 14:58:24',0,'2021-04-12 14:58:24'),(54,43,'控制方式','机械',0,'2021-04-12 14:58:24',0,'2021-04-12 14:58:24'),(55,44,'控制方式','机械',0,'2021-04-12 14:58:24',0,'2021-04-12 14:58:24'),(56,45,'控制方式','触摸',0,'2021-04-12 14:58:24',0,'2021-04-12 14:58:24'),(57,46,'控制方式','机械',0,'2021-04-12 14:58:24',0,'2021-04-12 14:58:24'),(58,47,'控制方式','按钮',0,'2021-04-12 14:58:24',0,'2021-04-12 14:58:24'),(59,48,'控制方式','按钮',0,'2021-04-12 14:58:24',0,'2021-04-12 14:58:24'),(60,49,'控制方式','触摸',0,'2021-04-12 14:58:24',0,'2021-04-12 14:58:24'),(61,50,'控制方式','触摸',0,'2021-04-12 14:58:24',0,'2021-04-12 14:58:24'),(62,51,'控制方式','机械',0,'2021-04-12 14:58:24',0,'2021-04-12 14:58:24'),(63,52,'控制方式','机械',0,'2021-04-12 14:58:24',0,'2021-04-12 14:58:24'),(64,53,'控制方式','机械',0,'2021-04-12 14:58:24',0,'2021-04-12 14:58:24'),(65,4,'功能','定时',0,'2021-04-12 14:58:24',0,'2021-04-12 14:58:24'),(66,5,'功能','控温',0,'2021-04-12 14:58:24',0,'2021-04-12 14:58:24'),(67,6,'功能','定时',0,'2021-04-12 14:58:24',0,'2021-04-12 14:58:24'),(68,7,'功能','控温',0,'2021-04-12 14:58:24',0,'2021-04-12 14:58:24'),(69,8,'功能','定时',0,'2021-04-12 14:58:24',0,'2021-04-12 14:58:24'),(70,9,'功能','定时',0,'2021-04-12 14:58:24',0,'2021-04-12 14:58:24'),(71,10,'功能','控温',0,'2021-04-12 14:58:24',0,'2021-04-12 14:58:24'),(72,11,'功能','定时',0,'2021-04-12 14:58:24',0,'2021-04-12 14:58:24'),(73,12,'功能','控温',0,'2021-04-12 14:58:24',0,'2021-04-12 14:58:24'),(74,13,'功能','控温',0,'2021-04-12 14:58:24',0,'2021-04-12 14:58:24'),(75,14,'功能','定时',0,'2021-04-12 14:58:24',0,'2021-04-12 14:58:24'),(76,15,'功能','控温',0,'2021-04-12 14:58:25',0,'2021-04-12 14:58:25'),(77,16,'功能','控温',0,'2021-04-12 14:58:25',0,'2021-04-12 14:58:25'),(78,17,'功能','定时',0,'2021-04-12 14:58:25',0,'2021-04-12 14:58:25'),(79,18,'功能','控温',0,'2021-04-12 14:58:25',0,'2021-04-12 14:58:25'),(80,19,'功能','控温',0,'2021-04-12 14:58:25',0,'2021-04-12 14:58:25'),(81,20,'功能','定时',0,'2021-04-12 14:58:25',0,'2021-04-12 14:58:25'),(82,21,'功能','控温',0,'2021-04-12 14:58:25',0,'2021-04-12 14:58:25'),(83,22,'功能','定时',0,'2021-04-12 14:58:25',0,'2021-04-12 14:58:25'),(84,23,'功能','定时',0,'2021-04-12 14:58:25',0,'2021-04-12 14:58:25'),(85,24,'功能','定时',0,'2021-04-12 14:58:25',0,'2021-04-12 14:58:25'),(86,25,'功能','控温',0,'2021-04-12 14:58:25',0,'2021-04-12 14:58:25'),(87,26,'功能','控温',0,'2021-04-12 14:58:25',0,'2021-04-12 14:58:25'),(88,27,'功能','定时',0,'2021-04-12 14:58:25',0,'2021-04-12 14:58:25'),(89,28,'功能','定时',0,'2021-04-12 14:58:25',0,'2021-04-12 14:58:25'),(90,29,'功能','定时',0,'2021-04-12 14:58:25',0,'2021-04-12 14:58:25'),(91,30,'功能','控温',0,'2021-04-12 14:58:25',0,'2021-04-12 14:58:25'),(92,31,'功能','定时',0,'2021-04-12 14:58:25',0,'2021-04-12 14:58:25'),(93,32,'功能','控温',0,'2021-04-12 14:58:25',0,'2021-04-12 14:58:25'),(94,33,'功能','定时',0,'2021-04-12 14:58:25',0,'2021-04-12 14:58:25'),(95,34,'功能','控温',0,'2021-04-12 14:58:25',0,'2021-04-12 14:58:25'),(96,35,'功能','定时',0,'2021-04-12 14:58:25',0,'2021-04-12 14:58:25'),(97,36,'功能','定时',0,'2021-04-12 14:58:25',0,'2021-04-12 14:58:25'),(98,37,'功能','控温',0,'2021-04-12 14:58:25',0,'2021-04-12 14:58:25'),(99,38,'功能','控温',0,'2021-04-12 14:58:26',0,'2021-04-12 14:58:26'),(100,39,'功能','定时',0,'2021-04-12 14:58:26',0,'2021-04-12 14:58:26'),(101,40,'功能','控温',0,'2021-04-12 14:58:26',0,'2021-04-12 14:58:26'),(102,41,' 功能','定时',0,'2021-04-12 14:58:26',0,'2021-04-12 14:58:26'),(103,42,'功能','控温',0,'2021-04-12 14:58:26',0,'2021-04-12 14:58:26'),(104,43,'功能','定时',0,'2021-04-12 14:58:26',0,'2021-04-12 14:58:26'),(105,44,'功能','定时',0,'2021-04-12 14:58:26',0,'2021-04-12 14:58:26'),(106,45,'功能','控 温',0,'2021-04-12 14:58:26',0,'2021-04-12 14:58:26'),(107,46,'功能','控温',0,'2021-04-12 14:58:26',0,'2021-04-12 14:58:26'),(108,47,'功能','控温',0,'2021-04-12 14:58:26',0,'2021-04-12 14:58:26'),(109,48,'功能','控温',0,'2021-04-12 14:58:26',0,'2021-04-12 14:58:26'),(110,49,'功能','定时',0,'2021-04-12 14:58:26',0,'2021-04-12 14:58:26'),(111,50,'功能','定时',0,'2021-04-12 14:58:26',0,'2021-04-12 14:58:26'),(112,51,'功能','控温',0,'2021-04-12 14:58:26',0,'2021-04-12 14:58:26'),(113,52,'功能','定时',0,'2021-04-12 14:58:26',0,'2021-04-12 14:58:26'),(114,53,'功能','控温',0,'2021-04-12 14:58:26',0,'2021-04-12 14:58:26'),(115,4,'能效等级','三级',0,'2021-04-12 14:58:26',0,'2021-04-12 14:58:26'),(116,5,'能效等级','二级',0,'2021-04-12 14:58:26',0,'2021-04-12 14:58:26'),(117,6,'能效等级','一级',0,'2021-04-12 14:58:26',0,'2021-04-12 14:58:26'),(118,7,'能效等级','三级',0,'2021-04-12 14:58:26',0,'2021-04-12 14:58:26'),(119,8,'能效等级','二级',0,'2021-04-12 14:58:26',0,'2021-04-12 14:58:26'),(120,9,'能效等级','二级',0,'2021-04-12 14:58:26',0,'2021-04-12 14:58:26'),(121,10,'能效等级','一级',0,'2021-04-12 14:58:26',0,'2021-04-12 14:58:26'),(122,11,'能效等级','二级',0,'2021-04-12 14:58:26',0,'2021-04-12 14:58:26'),(123,12,'能效等级','二级',0,'2021-04-12 14:58:26',0,'2021-04-12 14:58:26'),(124,13,'能效等级','三级',0,'2021-04-12 14:58:26',0,'2021-04-12 14:58:26'),(125,14,'能效等级','二级',0,'2021-04-12 14:58:26',0,'2021-04-12 14:58:26'),(126,15,'能效等级','一级',0,'2021-04-12 14:58:27',0,'2021-04-12 14:58:27'),(127,16,'能效等级','二级',0,'2021-04-12 14:58:27',0,'2021-04-12 14:58:27'),(128,17,'能效等级','二级',0,'2021-04-12 14:58:27',0,'2021-04-12 14:58:27'),(129,18,'能效等级','三级',0,'2021-04-12 14:58:27',0,'2021-04-12 14:58:27'),(130,19,'能效等级','三级',0,'2021-04-12 14:58:27',0,'2021-04-12 14:58:27'),(131,20,'能效等级','三级',0,'2021-04-12 14:58:27',0,'2021-04-12 14:58:27'),(132,21,'能效等级',' 一级',0,'2021-04-12 14:58:27',0,'2021-04-12 14:58:27'),(133,22,'能效等级','一级',0,'2021-04-12 14:58:27',0,'2021-04-12 14:58:27'),(134,23,'能效等级','三级',0,'2021-04-12 14:58:27',0,'2021-04-12 14:58:27'),(135,24,'能效等级','三级',0,'2021-04-12 14:58:27',0,'2021-04-12 14:58:27'),(136,25,'能效 等级','一级',0,'2021-04-12 14:58:27',0,'2021-04-12 14:58:27'),(137,26,'能效等级','二级',0,'2021-04-12 14:58:27',0,'2021-04-12 14:58:27'),(138,27,' 能效等级','二级',0,'2021-04-12 14:58:27',0,'2021-04-12 14:58:27'),(139,28,'能效等级','二级',0,'2021-04-12 14:58:27',0,'2021-04-12 14:58:27'),(140,29,'能效等级','三级',0,'2021-04-12 14:58:27',0,'2021-04-12 14:58:27'),(141,30,'能效等级','二级',0,'2021-04-12 14:58:27',0,'2021-04-12 14:58:27'),(142,31,'能效等级','一级',0,'2021-04-12 14:58:27',0,'2021-04-12 14:58:27'),(143,32,'能效等级','二级',0,'2021-04-12 14:58:27',0,'2021-04-12 14:58:27'),(144,33,'能效等级','二级',0,'2021-04-12 14:58:27',0,'2021-04-12 14:58:27'),(145,34,'能效等级','二级',0,'2021-04-12 14:58:27',0,'2021-04-12 14:58:27'),(146,35,'能效等级','二级',0,'2021-04-12 14:58:27',0,'2021-04-12 14:58:27'),(147,36,'能效等级','三级',0,'2021-04-12 14:58:27',0,'2021-04-12 14:58:27'),(148,37,'能效等级','二级',0,'2021-04-12 14:58:27',0,'2021-04-12 14:58:27'),(149,38,'能效等级','二级',0,'2021-04-12 14:58:27',0,'2021-04-12 14:58:27'),(150,39,'能效等级','一级',0,'2021-04-12 14:58:28',0,'2021-04-12 14:58:28'),(151,40,'能效等级','一级',0,'2021-04-12 14:58:28',0,'2021-04-12 14:58:28'),(152,41,'能效等级','三级',0,'2021-04-12 14:58:28',0,'2021-04-12 14:58:28'),(153,42,'能效等级','三级',0,'2021-04-12 14:58:28',0,'2021-04-12 14:58:28'),(154,43,'能效等级','三级',0,'2021-04-12 14:58:28',0,'2021-04-12 14:58:28'),(155,44,'能效等级','二级',0,'2021-04-12 14:58:28',0,'2021-04-12 14:58:28'),(156,45,'能效等级','三级',0,'2021-04-12 14:58:28',0,'2021-04-12 14:58:28'),(157,46,'能效等级','三级',0,'2021-04-12 14:58:28',0,'2021-04-12 14:58:28'),(158,47,'能效等级','二级',0,'2021-04-12 14:58:28',0,'2021-04-12 14:58:28'),(159,48,'能效等级','二级',0,'2021-04-12 14:58:28',0,'2021-04-12 14:58:28'),(160,49,'能效等级','三级',0,'2021-04-12 14:58:28',0,'2021-04-12 14:58:28'),(161,50,'能效等级','三级',0,'2021-04-12 14:58:28',0,'2021-04-12 14:58:28'),(162,51,'能效等级','三级',0,'2021-04-12 14:58:28',0,'2021-04-12 14:58:28'),(163,52,'能效等级','一级',0,'2021-04-12 14:58:28',0,'2021-04-12 14:58:28'),(164,53,'能效等级','三级',0,'2021-04-12 14:58:28',0,'2021-04-12 14:58:28');
/*!40000 ALTER TABLE `mall_goods_param` ENABLE KEYS */;
UNLOCK TABLES;

--
-- Table structure for table `mall_goods_property`
--

DROP TABLE IF EXISTS `mall_goods_property`;
/*!40101 SET @saved_cs_client     = @@character_set_client */;
/*!50503 SET character_set_client = utf8mb4 */;
CREATE TABLE `mall_goods_property` (
  `goods_property_id` bigint unsigned NOT NULL AUTO_INCREMENT COMMENT '商品属性id',
  `goods_id` bigint unsigned NOT NULL COMMENT '商品id',
  `goods_property_name` varchar(200) NOT NULL DEFAULT '' COMMENT '属性名',
  `goods_property_value` varchar(200) NOT NULL DEFAULT '0' COMMENT '属性值',
  `create_user` int NOT NULL DEFAULT '0' COMMENT '添加者主键id',
  `create_time` datetime NOT NULL DEFAULT CURRENT_TIMESTAMP COMMENT '商品属性添加时间',
  `update_user` int NOT NULL DEFAULT '0' COMMENT '修改者主键id',
  `update_time` datetime NOT NULL DEFAULT CURRENT_TIMESTAMP ON UPDATE CURRENT_TIMESTAMP COMMENT '商品属性修改时间',
  `original_price` decimal(10,2) NOT NULL DEFAULT '1.00' COMMENT '商品价格',
  `selling_price` decimal(10,2) NOT NULL DEFAULT '1.00' COMMENT '商品实际售价',
  `stock_num` int unsigned NOT NULL DEFAULT '0' COMMENT '商品库存数量',
  `selled_stock_num` int unsigned NOT NULL DEFAULT '0' COMMENT '已出售的库存数量',
  PRIMARY KEY (`goods_property_id`) USING BTREE
) ENGINE=InnoDB AUTO_INCREMENT=109 DEFAULT CHARSET=utf8 ROW_FORMAT=DYNAMIC;
/*!40101 SET character_set_client = @saved_cs_client */;

--
-- Dumping data for table `mall_goods_property`
--

LOCK TABLES `mall_goods_property` WRITE;
/*!40000 ALTER TABLE `mall_goods_property` DISABLE KEYS */;
INSERT INTO `mall_goods_property` VALUES (1,3,'','[{\"key\":\"容量\",\"value\":\"1L\"}]',1,'2021-03-23 00:40:54',1,'2021-05-11 16:27:26',201.00,200.00,194,36),(2,3,'','[{\"key\":\"容量\",\"value\":\"2L\"}]',1,'2021-03-23 00:40:54',1,'2021-04-18 12:30:57',200.00,200.00,199,31),(3,4,'','[{\"key\":\"容量\",\"value\":\"1L\"}]',0,'2021-04-12 15:18:16',0,'2021-04-12 15:18:16',9154.00,9354.00,8032,317),(4,5,'','[{\"key\":\"容量\",\"value\":\"1L\"}]',0,'2021-04-12 15:18:16',0,'2021-04-12 15:18:16',6539.00,6739.00,5782,309),(5,6,'','[{\"key\":\"容量\",\"value\":\"1L\"}]',0,'2021-04-12 15:18:16',0,'2021-04-12 15:18:16',9396.00,9596.00,4730,352),(6,7,'','[{\"key\":\"容量\",\"value\":\"1L\"}]',0,'2021-04-12 15:18:17',0,'2021-05-10 10:13:18',6076.00,6276.00,7120,368),(7,8,'','[{\"key\":\"容量\",\"value\":\"1L\"}]',0,'2021-04-12 15:18:17',0,'2021-04-12 15:18:17',4620.00,4820.00,9366,375),(8,9,'','[{\"key\":\"容量\",\"value\":\"1L\"}]',0,'2021-04-12 15:18:17',0,'2021-04-12 15:18:17',3915.00,4115.00,7856,237),(9,10,'','[{\"key\":\"容量\",\"value\":\"1L\"}]',0,'2021-04-12 15:18:17',0,'2021-04-12 15:18:17',2687.00,2887.00,4058,461),(10,11,'','[{\"key\":\"容量\",\"value\":\"1L\"}]',0,'2021-04-12 15:18:17',0,'2021-04-12 15:18:17',7602.00,7802.00,7634,423),(11,12,'','[{\"key\":\"容量\",\"value\":\"1L\"}]',0,'2021-04-12 15:18:17',0,'2021-04-12 15:18:17',4963.00,5163.00,5762,461),(12,13,'','[{\"key\":\"容量\",\"value\":\"1L\"}]',0,'2021-04-12 15:18:17',0,'2021-04-12 15:18:17',5859.00,6059.00,1077,270),(13,14,'','[{\"key\":\"容量\",\"value\":\"1L\"}]',0,'2021-04-12 15:18:17',0,'2021-04-12 15:18:17',7623.00,7823.00,1187,306),(14,15,'','[{\"key\":\"容量\",\"value\":\"1L\"}]',0,'2021-04-12 15:18:17',0,'2021-05-09 17:47:58',1179.00,1379.00,9888,351),(15,16,'','[{\"key\":\"容量\",\"value\":\"1L\"}]',0,'2021-04-12 15:18:17',0,'2021-04-12 15:18:17',8344.00,8544.00,8793,481),(16,17,'','[{\"key\":\"容量\",\"value\":\"1L\"}]',0,'2021-04-12 15:18:17',0,'2021-04-12 15:18:17',9801.00,10001.00,9190,428),(17,18,'','[{\"key\":\"容量\",\"value\":\"1L\"}]',0,'2021-04-12 15:18:17',0,'2021-04-12 15:18:17',8753.00,8953.00,2565,315),(18,19,'','[{\"key\":\"容量\",\"value\":\"1L\"}]',0,'2021-04-12 15:18:17',0,'2021-04-12 15:18:17',2733.00,2933.00,7470,275),(19,20,'','[{\"key\":\"容量\",\"value\":\"1L\"}]',0,'2021-04-12 15:18:17',0,'2021-04-12 15:18:59',3621.00,3821.00,2156,411),(20,21,'','[{\"key\":\"容量\",\"value\":\"1L\"}]',0,'2021-04-12 15:18:17',0,'2021-04-12 15:18:17',3018.00,3218.00,9808,492),(21,22,'','[{\"key\":\"容量\",\"value\":\"1L\"}]',0,'2021-04-12 15:18:17',0,'2021-04-12 15:18:17',1027.00,1227.00,4061,204),(22,23,'','[{\"key\":\"容量\",\"value\":\"1L\"}]',0,'2021-04-12 15:18:17',0,'2021-05-09 17:50:31',9452.00,9652.00,3741,483),(23,24,'','[{\"key\":\"容量\",\"value\":\"1L\"}]',0,'2021-04-12 15:18:17',0,'2021-04-12 15:18:17',3432.00,3632.00,8194,459),(24,25,'','[{\"key\":\"容量\",\"value\":\"1L\"}]',0,'2021-04-12 15:18:17',0,'2021-04-12 15:18:17',8911.00,9111.00,1449,419),(25,26,'','[{\"key\":\"容量\",\"value\":\"1L\"}]',0,'2021-04-12 15:18:17',0,'2021-04-12 15:18:17',4359.00,4559.00,6858,434),(26,27,'','[{\"key\":\"容量\",\"value\":\"1L\"}]',0,'2021-04-12 15:18:17',0,'2021-04-12 15:18:17',4839.00,5039.00,9697,332),(27,28,'','[{\"key\":\"容量\",\"value\":\"1L\"}]',0,'2021-04-12 15:18:17',0,'2021-04-12 15:18:17',9696.00,9896.00,4552,369),(28,29,'','[{\"key\":\"容量\",\"value\":\"1L\"}]',0,'2021-04-12 15:18:17',0,'2021-04-12 15:18:17',6826.00,7026.00,3892,436),(29,30,'','[{\"key\":\"容量\",\"value\":\"1L\"}]',0,'2021-04-12 15:18:17',0,'2021-04-12 15:18:17',3685.00,3885.00,8503,432),(30,31,'','[{\"key\":\"容量\",\"value\":\"1L\"}]',0,'2021-04-12 15:18:17',0,'2021-04-12 15:18:17',7884.00,8084.00,4719,281),(31,32,'','[{\"key\":\"容量\",\"value\":\"1L\"}]',0,'2021-04-12 15:18:17',0,'2021-04-12 15:18:17',5544.00,5744.00,9594,421),(32,33,'','[{\"key\":\"容量\",\"value\":\"1L\"}]',0,'2021-04-12 15:18:17',0,'2021-04-12 15:18:17',2306.00,2506.00,7189,239),(33,34,'','[{\"key\":\"容量\",\"value\":\"1L\"}]',0,'2021-04-12 15:18:17',0,'2021-04-12 15:18:17',4777.00,4977.00,1880,494),(34,35,'','[{\"key\":\"容量\",\"value\":\"1L\"}]',0,'2021-04-12 15:18:18',0,'2021-04-12 15:18:18',9161.00,9361.00,9831,445),(35,36,'','[{\"key\":\"容量\",\"value\":\"1L\"}]',0,'2021-04-12 15:18:18',0,'2021-04-12 15:18:18',7476.00,7676.00,5653,357),(36,37,'','[{\"key\":\"容量\",\"value\":\"1L\"}]',0,'2021-04-12 15:18:18',0,'2021-04-12 15:18:18',1077.00,1277.00,2579,462),(37,38,'','[{\"key\":\"容量\",\"value\":\"1L\"}]',0,'2021-04-12 15:18:18',0,'2021-04-12 15:18:18',6871.00,7071.00,8496,240),(38,39,'','[{\"key\":\"容量\",\"value\":\"1L\"}]',0,'2021-04-12 15:18:18',0,'2021-04-12 15:18:18',9941.00,10141.00,3907,335),(39,40,'','[{\"key\":\"容量\",\"value\":\"1L\"}]',0,'2021-04-12 15:18:18',0,'2021-04-12 15:18:18',1438.00,1638.00,7849,397),(40,41,'','[{\"key\":\"容量\",\"value\":\"1L\"}]',0,'2021-04-12 15:18:18',0,'2021-04-12 15:18:18',2941.00,3141.00,1865,465),(41,42,'','[{\"key\":\"容量\",\"value\":\"1L\"}]',0,'2021-04-12 15:18:18',0,'2021-04-12 15:18:18',7459.00,7659.00,7332,246),(42,43,'','[{\"key\":\"容量\",\"value\":\"1L\"}]',0,'2021-04-12 15:18:18',0,'2021-04-12 15:18:18',5507.00,5707.00,2798,210),(43,44,'','[{\"key\":\"容量\",\"value\":\"1L\"}]',0,'2021-04-12 15:18:18',0,'2021-04-12 15:18:18',6273.00,6473.00,1706,250),(44,45,'','[{\"key\":\"容量\",\"value\":\"1L\"}]',0,'2021-04-12 15:18:18',0,'2021-04-12 15:18:18',6412.00,6612.00,8958,425),(45,46,'','[{\"key\":\"容量\",\"value\":\"1L\"}]',0,'2021-04-12 15:18:18',0,'2021-04-12 15:18:18',6275.00,6475.00,9142,250),(46,47,'','[{\"key\":\"容量\",\"value\":\"1L\"}]',0,'2021-04-12 15:18:18',0,'2021-04-12 15:18:18',3962.00,4162.00,3201,302),(47,48,'','[{\"key\":\"容量\",\"value\":\"1L\"}]',0,'2021-04-12 15:18:18',0,'2021-04-12 15:18:18',3923.00,4123.00,2024,236),(48,49,'','[{\"key\":\"容量\",\"value\":\"1L\"}]',0,'2021-04-12 15:18:18',0,'2021-04-12 15:18:18',1355.00,1555.00,6561,314),(49,50,'','[{\"key\":\"容量\",\"value\":\"1L\"}]',0,'2021-04-12 15:18:18',0,'2021-04-12 15:18:18',3679.00,3879.00,5743,310),(50,51,'','[{\"key\":\"容量\",\"value\":\"1L\"}]',0,'2021-04-12 15:18:18',0,'2021-04-12 15:18:18',3860.00,4060.00,4891,244),(51,52,'','[{\"key\":\"容量\",\"value\":\"1L\"}]',0,'2021-04-12 15:18:18',0,'2021-04-12 15:18:18',1555.00,1755.00,3513,473),(52,53,'','[{\"key\":\"容量\",\"value\":\"1L\"}]',0,'2021-04-12 15:18:18',0,'2021-04-12 15:18:18',9305.00,9505.00,8314,267),(53,4,'','[{\"key\":\"容量\",\"value\":\"2L\"}]',0,'2021-04-12 15:18:18',0,'2021-04-12 15:18:18',1208.00,1408.00,4828,447),(54,5,'','[{\"key\":\"容量\",\"value\":\"2L\"}]',0,'2021-04-12 15:18:18',0,'2021-04-12 15:18:18',3623.00,3823.00,1067,465),(55,6,'','[{\"key\":\"容量\",\"value\":\"2L\"}]',0,'2021-04-12 15:18:18',0,'2021-04-12 15:18:18',6631.00,6831.00,2065,389),(56,7,'','[{\"key\":\"容量\",\"value\":\"2L\"}]',0,'2021-04-12 15:18:18',0,'2021-04-12 15:18:18',2534.00,2734.00,2372,408),(57,8,'','[{\"key\":\"容量\",\"value\":\"2L\"}]',0,'2021-04-12 15:18:18',0,'2021-04-12 15:18:18',5933.00,6133.00,2920,410),(58,9,'','[{\"key\":\"容量\",\"value\":\"2L\"}]',0,'2021-04-12 15:18:18',0,'2021-04-12 15:18:18',9587.00,9787.00,6333,225),(59,10,'','[{\"key\":\"容量\",\"value\":\"2L\"}]',0,'2021-04-12 15:18:18',0,'2021-04-12 15:18:18',4372.00,4572.00,4950,204),(60,11,'','[{\"key\":\"容量\",\"value\":\"2L\"}]',0,'2021-04-12 15:18:18',0,'2021-04-12 15:18:18',1496.00,1696.00,8603,218),(61,12,'','[{\"key\":\"容量\",\"value\":\"2L\"}]',0,'2021-04-12 15:18:18',0,'2021-04-12 15:18:18',2273.00,2473.00,1260,264),(62,13,'','[{\"key\":\"容量\",\"value\":\"2L\"}]',0,'2021-04-12 15:18:18',0,'2021-04-12 15:18:18',8209.00,8409.00,2554,457),(63,14,'','[{\"key\":\"容量\",\"value\":\"2L\"}]',0,'2021-04-12 15:18:18',0,'2021-04-12 15:18:18',4808.00,5008.00,1053,239),(64,15,'','[{\"key\":\"容量\",\"value\":\"2L\"}]',0,'2021-04-12 15:18:18',0,'2021-04-12 15:18:18',2921.00,3121.00,2127,353),(65,16,'','[{\"key\":\"容量\",\"value\":\"2L\"}]',0,'2021-04-12 15:18:18',0,'2021-04-12 15:18:18',9686.00,9886.00,2392,498),(66,17,'','[{\"key\":\"容量\",\"value\":\"2L\"}]',0,'2021-04-12 15:18:18',0,'2021-04-12 15:18:18',9570.00,9770.00,8728,458),(67,18,'','[{\"key\":\"容量\",\"value\":\"2L\"}]',0,'2021-04-12 15:18:19',0,'2021-04-12 15:18:19',7534.00,7734.00,7522,385),(68,19,'','[{\"key\":\"容量\",\"value\":\"2L\"}]',0,'2021-04-12 15:18:19',0,'2021-04-12 15:18:19',7355.00,7555.00,9451,397),(69,20,'','[{\"key\":\"容量\",\"value\":\"2L\"}]',0,'2021-04-12 15:18:19',0,'2021-04-12 15:18:19',9095.00,9295.00,2959,340),(70,21,'','[{\"key\":\"容量\",\"value\":\"2L\"}]',0,'2021-04-12 15:18:19',0,'2021-04-12 15:18:19',6335.00,6535.00,9214,364),(71,22,'','[{\"key\":\"容量\",\"value\":\"2L\"}]',0,'2021-04-12 15:18:19',0,'2021-04-12 15:18:19',3499.00,3699.00,3103,224),(72,23,'','[{\"key\":\"容量\",\"value\":\"2L\"}]',0,'2021-04-12 15:18:19',0,'2021-04-12 15:18:19',9149.00,9349.00,5456,269),(73,24,'','[{\"key\":\"容量\",\"value\":\"2L\"}]',0,'2021-04-12 15:18:19',0,'2021-04-12 15:18:19',8816.00,9016.00,1617,421),(74,25,'','[{\"key\":\"容量\",\"value\":\"2L\"}]',0,'2021-04-12 15:18:19',0,'2021-04-12 15:18:19',6778.00,6978.00,5884,407),(75,26,'','[{\"key\":\"容量\",\"value\":\"2L\"}]',0,'2021-04-12 15:18:19',0,'2021-04-12 15:18:19',9367.00,9567.00,4034,301),(76,27,'','[{\"key\":\"容量\",\"value\":\"2L\"}]',0,'2021-04-12 15:18:19',0,'2021-04-12 15:18:19',8026.00,8226.00,3257,230),(77,28,'','[{\"key\":\"容量\",\"value\":\"2L\"}]',0,'2021-04-12 15:18:19',0,'2021-04-12 15:18:19',9366.00,9566.00,1880,250),(78,29,'','[{\"key\":\"容量\",\"value\":\"2L\"}]',0,'2021-04-12 15:18:19',0,'2021-04-12 15:18:19',3380.00,3580.00,5055,328),(79,30,'','[{\"key\":\"容量\",\"value\":\"2L\"}]',0,'2021-04-12 15:18:19',0,'2021-04-12 15:18:19',2082.00,2282.00,9554,281),(80,31,'','[{\"key\":\"容量\",\"value\":\"2L\"}]',0,'2021-04-12 15:18:19',0,'2021-04-12 15:18:19',7755.00,7955.00,1168,356),(81,32,'','[{\"key\":\"容量\",\"value\":\"2L\"}]',0,'2021-04-12 15:18:19',0,'2021-04-12 15:18:19',6850.00,7050.00,6797,498),(82,33,'','[{\"key\":\"容量\",\"value\":\"2L\"}]',0,'2021-04-12 15:18:19',0,'2021-04-12 15:18:19',3889.00,4089.00,5093,378),(83,34,'','[{\"key\":\"容量\",\"value\":\"2L\"}]',0,'2021-04-12 15:18:19',0,'2021-04-12 15:18:19',1233.00,1433.00,6732,421),(84,35,'','[{\"key\":\"容量\",\"value\":\"2L\"}]',0,'2021-04-12 15:18:19',0,'2021-04-12 15:18:19',3303.00,3503.00,1749,496),(85,36,'','[{\"key\":\"容量\",\"value\":\"2L\"}]',0,'2021-04-12 15:18:19',0,'2021-04-12 15:18:19',7503.00,7703.00,6081,464),(86,37,'','[{\"key\":\"容量\",\"value\":\"2L\"}]',0,'2021-04-12 15:18:19',0,'2021-04-12 15:18:19',5756.00,5956.00,4945,318),(87,38,'','[{\"key\":\"容量\",\"value\":\"2L\"}]',0,'2021-04-12 15:18:19',0,'2021-04-12 15:18:19',4426.00,4626.00,3159,303),(88,39,'','[{\"key\":\"容量\",\"value\":\"2L\"}]',0,'2021-04-12 15:18:19',0,'2021-04-12 15:18:19',1613.00,1813.00,4636,266),(89,40,'','[{\"key\":\"容量\",\"value\":\"2L\"}]',0,'2021-04-12 15:18:19',0,'2021-04-12 15:18:19',7933.00,8133.00,7652,272),(90,41,'','[{\"key\":\"容量\",\"value\":\"2L\"}]',0,'2021-04-12 15:18:19',0,'2021-04-12 15:18:19',6922.00,7122.00,1562,359),(91,42,'','[{\"key\":\"容量\",\"value\":\"2L\"}]',0,'2021-04-12 15:18:19',0,'2021-04-12 15:18:19',3809.00,4009.00,6181,359),(92,43,'','[{\"key\":\"容量\",\"value\":\"2L\"}]',0,'2021-04-12 15:18:19',0,'2021-04-12 15:18:19',2138.00,2338.00,2776,383),(93,44,'','[{\"key\":\"容量\",\"value\":\"2L\"}]',0,'2021-04-12 15:18:19',0,'2021-04-12 15:18:19',4928.00,5128.00,4260,445),(94,45,'','[{\"key\":\"容量\",\"value\":\"2L\"}]',0,'2021-04-12 15:18:20',0,'2021-04-12 15:18:20',1311.00,1511.00,6919,259),(95,46,'','[{\"key\":\"容量\",\"value\":\"2L\"}]',0,'2021-04-12 15:18:20',0,'2021-04-12 15:18:20',1636.00,1836.00,9572,224),(96,47,'','[{\"key\":\"容量\",\"value\":\"2L\"}]',0,'2021-04-12 15:18:20',0,'2021-04-12 15:18:20',3209.00,3409.00,3550,289),(97,48,'','[{\"key\":\"容量\",\"value\":\"2L\"}]',0,'2021-04-12 15:18:20',0,'2021-04-12 15:18:20',1643.00,1843.00,2319,415),(98,49,'','[{\"key\":\"容量\",\"value\":\"2L\"}]',0,'2021-04-12 15:18:20',0,'2021-04-12 15:18:20',8897.00,9097.00,5063,271),(99,50,'','[{\"key\":\"容量\",\"value\":\"2L\"}]',0,'2021-04-12 15:18:20',0,'2021-04-12 15:18:20',1922.00,2122.00,8148,307),(100,51,'','[{\"key\":\"容量\",\"value\":\"2L\"}]',0,'2021-04-12 15:18:20',0,'2021-04-12 15:18:20',1068.00,1268.00,2578,298),(101,52,'','[{\"key\":\"容量\",\"value\":\"2L\"}]',0,'2021-04-12 15:18:20',0,'2021-04-12 15:18:20',8500.00,8700.00,8938,282),(102,53,'','[{\"key\":\"容量\",\"value\":\"2L\"}]',0,'2021-04-12 15:18:20',0,'2021-04-12 15:18:20',4299.00,4499.00,9816,269);
/*!40000 ALTER TABLE `mall_goods_property` ENABLE KEYS */;
UNLOCK TABLES;

--
-- Table structure for table `mall_goods_property_relate`
--

DROP TABLE IF EXISTS `mall_goods_property_relate`;
/*!40101 SET @saved_cs_client     = @@character_set_client */;
/*!50503 SET character_set_client = utf8mb4 */;
CREATE TABLE `mall_goods_property_relate` (
  `goods_property_relate_id` bigint NOT NULL AUTO_INCREMENT COMMENT '商品对应属性的名字和值',
  `goods_id` bigint NOT NULL COMMENT '商品id',
  `category_property_id` bigint NOT NULL COMMENT '分类属性id',
  `goods_property_relate_name` varchar(200) NOT NULL DEFAULT '' COMMENT '品牌的分类属性关联的属性名',
  `goods_property_relate_value` varchar(200) NOT NULL DEFAULT '0' COMMENT '属性值',
  PRIMARY KEY (`goods_property_relate_id`) USING BTREE
) ENGINE=InnoDB AUTO_INCREMENT=55 DEFAULT CHARSET=utf8 ROW_FORMAT=DYNAMIC;
/*!40101 SET character_set_client = @saved_cs_client */;

--
-- Dumping data for table `mall_goods_property_relate`
--

LOCK TABLES `mall_goods_property_relate` WRITE;
/*!40000 ALTER TABLE `mall_goods_property_relate` DISABLE KEYS */;
INSERT INTO `mall_goods_property_relate` VALUES (1,3,2,'容量','1L,2L'),(2,4,2,'容量','1L,2L'),(3,5,2,'容量','1L,2L'),(4,6,2,'容量','1L,2L'),(5,7,2,'容量','1L,2L'),(6,8,2,'容量','1L,2L'),(7,9,2,'容量','1L,2L'),(8,10,2,'容量','1L,2L'),(9,11,2,'容量','1L,2L'),(10,12,2,'容量','1L,2L'),(11,13,2,'容量','1L,2L'),(12,14,2,'容量','1L,2L'),(13,15,2,'容量','1L,2L'),(14,16,2,'容量','1L,2L'),(15,17,2,'容量','1L,2L'),(16,18,2,'容量','1L,2L'),(17,19,2,'容量','1L,2L'),(18,20,2,'容量','1L,2L'),(19,21,2,'容量','1L,2L'),(20,22,2,'容量','1L,2L'),(21,23,2,'容量','1L,2L'),(22,24,2,'容量','1L,2L'),(23,25,2,'容量','1L,2L'),(24,26,2,'容量','1L,2L'),(25,27,2,'容量','1L,2L'),(26,28,2,'容量','1L,2L'),(27,29,2,'容量','1L,2L'),(28,30,2,'容量','1L,2L'),(29,31,2,'容量','1L,2L'),(30,32,2,'容量','1L,2L'),(31,33,2,'容量','1L,2L'),(32,34,2,'容量','1L,2L'),(33,35,2,'容量','1L,2L'),(34,36,2,'容量','1L,2L'),(35,37,2,'容量','1L,2L'),(36,38,2,'容量','1L,2L'),(37,39,2,'容量','1L,2L'),(38,40,2,'容量','1L,2L'),(39,41,2,'容量','1L,2L'),(40,42,2,'容量','1L,2L'),(41,43,2,'容量','1L,2L'),(42,44,2,'容量','1L,2L'),(43,45,2,'容量','1L,2L'),(44,46,2,'容量','1L,2L'),(45,47,2,'容量','1L,2L'),(46,48,2,'容量','1L,2L'),(47,49,2,'容量','1L,2L'),(48,50,2,'容量','1L,2L'),(49,51,2,'容量','1L,2L'),(50,52,2,'容量','1L,2L'),(51,53,2,'容量','1L,2L');
/*!40000 ALTER TABLE `mall_goods_property_relate` ENABLE KEYS */;
UNLOCK TABLES;

--
-- Table structure for table `mall_grand`
--

DROP TABLE IF EXISTS `mall_grand`;
/*!40101 SET @saved_cs_client     = @@character_set_client */;
/*!50503 SET character_set_client = utf8mb4 */;
CREATE TABLE `mall_grand` (
  `grand_id` bigint NOT NULL AUTO_INCREMENT COMMENT '品牌id',
  `grand_name` varchar(50) NOT NULL DEFAULT '' COMMENT '品牌名称',
  `grand_info` varchar(50) NOT NULL DEFAULT '' COMMENT '品牌简介',
  `create_time` datetime NOT NULL DEFAULT CURRENT_TIMESTAMP COMMENT '创建时间',
  `create_user` int NOT NULL DEFAULT '0' COMMENT '创建者id',
  `update_time` datetime NOT NULL DEFAULT CURRENT_TIMESTAMP ON UPDATE CURRENT_TIMESTAMP COMMENT '修改时间',
  `update_user` int DEFAULT '0' COMMENT '修改者id',
  PRIMARY KEY (`grand_id`) USING BTREE
) ENGINE=InnoDB AUTO_INCREMENT=19 DEFAULT CHARSET=utf8 ROW_FORMAT=DYNAMIC;
/*!40101 SET character_set_client = @saved_cs_client */;

--
-- Dumping data for table `mall_grand`
--

LOCK TABLES `mall_grand` WRITE;
/*!40000 ALTER TABLE `mall_grand` DISABLE KEYS */;
INSERT INTO `mall_grand` VALUES (1,'SUPOR/苏泊尔','暂无','2021-03-10 22:32:13',1,'2021-03-20 12:01:11',1),(2,'MIDEA/美的','暂无','2021-03-13 10:31:11',1,'2021-05-13 15:32:17',1),(3,'JOYOUNG/九阳','暂无','2021-03-20 12:01:11',1,'2021-05-13 15:32:17',0),(4,'MIJA/米家','暂无','2021-03-20 12:01:11',1,'2021-05-13 15:32:17',0),(5,'廉宝','暂无','2021-03-20 12:01:11',1,'2021-05-13 15:32:17',0),(6,'欧帝森','暂无','2021-03-20 12:01:11',1,'2021-05-13 15:32:17',0),(7,'BEAR/小熊','暂无','2021-03-20 12:01:11',1,'2021-05-13 15:32:16',0),(8,'PANASONIC/松下','暂无','2021-03-20 12:01:11',1,'2021-05-13 15:32:17',0),(9,'我行','暂无','2021-03-20 12:09:50',1,'2021-05-13 15:32:17',0),(10,'雅都','暂无','2021-03-20 12:09:50',1,'2021-05-13 15:32:17',0);
/*!40000 ALTER TABLE `mall_grand` ENABLE KEYS */;
UNLOCK TABLES;

--
-- Table structure for table `mall_recommend`
--

DROP TABLE IF EXISTS `mall_recommend`;
/*!40101 SET @saved_cs_client     = @@character_set_client */;
/*!50503 SET character_set_client = utf8mb4 */;
CREATE TABLE `mall_recommend` (
  `id` bigint NOT NULL AUTO_INCREMENT COMMENT '主键id',
  `user_id` bigint NOT NULL COMMENT '用户id',
  `good_id` bigint NOT NULL COMMENT '商品id',
  `preference` int NOT NULL DEFAULT '0' COMMENT '喜好程度',
  `create_time` timestamp NOT NULL DEFAULT CURRENT_TIMESTAMP COMMENT '创建时间',
  PRIMARY KEY (`id`) USING BTREE
) ENGINE=InnoDB AUTO_INCREMENT=40 DEFAULT CHARSET=utf8 ROW_FORMAT=DYNAMIC;
/*!40101 SET character_set_client = @saved_cs_client */;

--
-- Dumping data for table `mall_recommend`
--

LOCK TABLES `mall_recommend` WRITE;
/*!40000 ALTER TABLE `mall_recommend` DISABLE KEYS */;
INSERT INTO `mall_recommend` VALUES (1,4,15,13,'2021-05-05 12:06:11'),(2,4,23,13,'2021-05-08 12:06:11'),(3,4,47,2,'2021-05-02 12:06:11'),(4,4,5,5,'2021-05-05 12:06:11'),(5,6,29,6,'2021-05-05 12:06:11'),(6,6,28,10,'2021-05-12 12:06:11'),(7,6,27,6,'2021-05-05 12:06:11'),(8,6,26,2,'2021-05-05 12:06:11'),(9,6,25,4,'2021-05-09 12:06:11'),(10,6,23,4,'2021-05-05 12:06:11'),(11,6,24,3,'2021-05-05 12:06:11'),(12,5,28,3,'2021-05-17 12:06:11'),(13,5,15,6,'2021-05-05 12:06:11'),(14,5,39,1,'2021-05-05 12:06:11'),(15,5,22,4,'2021-05-18 12:06:11'),(16,5,16,1,'2021-05-05 12:06:11'),(17,5,21,1,'2021-05-05 12:06:11'),(18,5,40,1,'2021-05-27 12:06:11'),(19,5,47,2,'2021-05-05 12:06:11'),(20,5,6,1,'2021-05-05 12:06:11'),(21,5,35,10,'2021-05-05 12:42:27'),(22,5,17,1,'2021-05-05 12:42:27'),(23,5,8,15,'2021-05-05 12:42:27'),(24,5,28,14,'2021-05-05 12:42:27'),(25,5,34,6,'2021-05-05 12:42:27'),(26,5,23,7,'2021-05-05 12:42:27'),(27,5,7,5,'2021-05-05 12:42:27'),(28,6,30,1,'2021-05-05 12:42:27'),(29,6,5,7,'2021-05-05 12:42:27'),(30,6,6,5,'2021-05-05 12:54:27'),(31,6,8,1,'2021-05-06 03:49:38'),(32,6,15,6,'2021-05-06 03:49:38'),(33,6,47,2,'2021-05-06 03:49:38'),(34,6,9,1,'2021-05-06 03:50:48'),(35,6,11,5,'2021-05-06 03:50:48'),(36,4,28,1,'2021-05-06 04:45:20'),(37,4,3,3,'2021-05-07 05:01:40'),(38,4,7,3,'2021-05-10 02:13:19'),(39,1,3,1,'2021-05-11 09:26:14');
/*!40000 ALTER TABLE `mall_recommend` ENABLE KEYS */;
UNLOCK TABLES;

--
-- Table structure for table `undo_log`
--

DROP TABLE IF EXISTS `undo_log`;
/*!40101 SET @saved_cs_client     = @@character_set_client */;
/*!50503 SET character_set_client = utf8mb4 */;
CREATE TABLE `undo_log` (
  `id` bigint NOT NULL AUTO_INCREMENT,
  `branch_id` bigint NOT NULL,
  `xid` varchar(100) NOT NULL,
  `context` varchar(128) NOT NULL,
  `rollback_info` longblob NOT NULL,
  `log_status` int NOT NULL,
  `log_created` datetime NOT NULL,
  `log_modified` datetime NOT NULL,
  `ext` varchar(100) DEFAULT NULL,
  PRIMARY KEY (`id`),
  UNIQUE KEY `ux_undo_log` (`xid`,`branch_id`)
) ENGINE=InnoDB AUTO_INCREMENT=32 DEFAULT CHARSET=utf8;
/*!40101 SET character_set_client = @saved_cs_client */;

--
-- Dumping data for table `undo_log`
--

LOCK TABLES `undo_log` WRITE;
/*!40000 ALTER TABLE `undo_log` DISABLE KEYS */;
/*!40000 ALTER TABLE `undo_log` ENABLE KEYS */;
UNLOCK TABLES;
/*!40103 SET TIME_ZONE=@OLD_TIME_ZONE */;

/*!40101 SET SQL_MODE=@OLD_SQL_MODE */;
/*!40014 SET FOREIGN_KEY_CHECKS=@OLD_FOREIGN_KEY_CHECKS */;
/*!40014 SET UNIQUE_CHECKS=@OLD_UNIQUE_CHECKS */;
/*!40101 SET CHARACTER_SET_CLIENT=@OLD_CHARACTER_SET_CLIENT */;
/*!40101 SET CHARACTER_SET_RESULTS=@OLD_CHARACTER_SET_RESULTS */;
/*!40101 SET COLLATION_CONNECTION=@OLD_COLLATION_CONNECTION */;
/*!40111 SET SQL_NOTES=@OLD_SQL_NOTES */;

-- Dump completed on 2021-05-14  0:06:02